Arriba/abajo;zona;xGOT;Gol (0/1);Partido;Equipo tiro;Equipo portero;Portero;Altura;"Resultante
de cada tiro"
Abajo;Low right;0.31;0;Dortmund-RM(final);Dortmund;RM;Courtius;1.99;-0.31
Abajo;Low right;0.25;0;Dortmund-RM(final);Dortmund;RM;Courtius;1.99;-0.25
Abajo;Low left;0.24;0;Dortmund-RM(final);Dortmund;RM;Courtius;1.99;-0.24
Arriba;High left;0.38;0;Dortmund-RM(final);RM;Dourmunt;Gregor K;1.94;-0.38
Arriba;High right;0.22;1;Dortmund-RM(final);RM;Dourmunt;Gregor K;1.94;0.78
Abajo;Low left;0.38;0;Dortmund-RM(final);RM;Dourmunt;Gregor K;1.94;-0.38
Arriba;High left;0.18;0;Dortmund-RM(final);RM;Dourmunt;Gregor K;1.94;-0.18
Arriba;High right;0.06;0;Dortmund-RM(final);RM;Dourmunt;Gregor K;1.94;-0.06
Abajo;Low right;0.56;1;Dortmund-RM(final);RM;Dourmunt;Gregor K;1.94;0.44
Abajo;Low right;0.59;0;Dortmund-PSG (semi);Dourmund;PSG;Gianluigi;1.96;-0.59
Abajo;Low centre;0.28;0;Dortmund-PSG (semi);Dourmund;PSG;Gianluigi;1.96;-0.28
Abajo;Low left;0.2;1;Dortmund-PSG (semi);Dourmund;PSG;Gianluigi;1.96;0.8
Arriba;High centre;0.05;0;Dortmund-PSG (semi);Dourmund;PSG;Gianluigi;1.96;-0.05
Abajo;Low centre;0.51;0;Dortmund-PSG (semi);PSG;Dourmunt;Gregor K;1.94;-0.51
Abajo;Low centre;0.03;0;Dortmund-PSG (semi);PSG;Dourmunt;Gregor K;1.94;-0.03
Abajo;Low centre;0.02;0;Dortmund-PSG (semi);PSG;Dourmunt;Gregor K;1.94;-0.02
Arriba;High centre;0.43;0;PSG-Dourmund (semi);PSG;Dourmunt;Gregor K;1.94;-0.43
Abajo;Low right;0.24;0;PSG-Dourmund (semi);PSG;Dourmunt;Gregor K;1.94;-0.24
Abajo;Low centre;0.05;0;PSG-Dourmund (semi);PSG;Dourmunt;Gregor K;1.94;-0.05
Abajo;Low centre;0.02;0;PSG-Dourmund (semi);PSG;Dourmunt;Gregor K;1.94;-0.02
Abajo;Low centre;0.02;0;PSG-Dourmund (semi);PSG;Dourmunt;Gregor K;1.94;-0.02
Abajo;Low right;0.69;1;PSG-Dourmund (semi);Dourmund;PSG;Gianluigi;1.96;0.31
Abajo;Low centre;0.1;0;PSG-Dourmund (semi);;PSG;Gianluigi;1.96;-0.1
Abajo;Low centre;0.08;0;PSG-Dourmund (semi);;PSG;Gianluigi;1.96;-0.08
Abajo;Low left;0.99;1;Bayer M-RM (semi);Bayer;RM;Lunin;1.91;0.01
Abajo;Low centre;0.38;0;Bayer M-RM (semi);Bayer;RM;Lunin;1.91;-0.38
Abajo;Low right;0.15;1;Bayer M-RM (semi);Bayer;RM;Lunin;1.91;0.85
Abajo;Low centre;0.12;0;Bayer M-RM (semi);Bayer;RM;Lunin;1.91;-0.12
Abajo;Low centre;0.04;0;Bayer M-RM (semi);Bayer;RM;Lunin;1.91;-0.04
Abajo;Low centre;0.89;1;Bayer M-RM (semi);RM;Bayer;Neuer;1.93;0.11
Abajo;Low centre;0.54;1;Bayer M-RM (semi);RM;Bayer;Neuer;1.93;0.46
Abajo;Low centre;0.23;0;Bayer M-RM (semi);RM;Bayer;Neuer;1.93;-0.23
Arriba;High centre;0.08;0;Bayer M-RM (semi);RM;Bayer;Neuer;1.93;-0.08
Abajo;Low left;0.95;1;RM-Bayer (semi);RM;Bayer;Neuer;1.93;0.05
Abajo;Low centre;0.65;1;RM-Bayer (semi);RM;Bayer;Neuer;1.93;0.35
Abajo;Low left;0.62;0;RM-Bayer (semi);RM;Bayer;Neuer;1.93;-0.62
Abajo;Low left;0.26;0;RM-Bayer (semi);RM;Bayer;Neuer;1.93;-0.26
Abajo;Low left;0.2;0;RM-Bayer (semi);RM;Bayer;Neuer;1.93;-0.2
Arriba;High centre;0.09;0;RM-Bayer (semi);RM;Bayer;Neuer;1.93;-0.09
Abajo;Low centre;0.03;0;RM-Bayer (semi);RM;Bayer;Neuer;1.93;-0.03
Arriba;High right;0.59;1;RM-Bayer (semi);Bayer;RM;Lunin;1.91;0.41
Abajo;Low right;0.35;0;RM-Bayer (semi);Bayer;RM;Lunin;1.91;-0.35
Abajo;Low right;0.31;0;RM-Bayer (semi);Bayer;RM;Lunin;1.91;-0.31
Arriba;High left;0.19;0;RM-Bayer (semi);Bayer;RM;Lunin;1.91;-0.19
Arriba;High right;0.14;0;RM-Bayer (semi);Bayer;RM;Lunin;1.91;-0.14
Abajo;Low right;0.81;0;Atl.Madrid-Dortmund (4);Atl.Madrid;Dourmunt;Gregor K;1.94;-0.81
Abajo;Low right;0.75;1;Atl.Madrid-Dortmund (4);Atl.Madrid;Dourmunt;Gregor K;1.94;0.25
Abajo;Low right;0.5;1;Atl.Madrid-Dortmund (4);Atl.Madrid;Dourmunt;Gregor K;1.94;0.5
Abajo;Low left;0.22;0;Atl.Madrid-Dortmund (4);Atl.Madrid;Dourmunt;Gregor K;1.94;-0.22
Abajo;Low centre;0.18;0;Atl.Madrid-Dortmund (4);Atl.Madrid;Dourmunt;Gregor K;1.94;-0.18
Arriba;Low centre;0.11;0;Atl.Madrid-Dortmund (4);Atl.Madrid;Dourmunt;Gregor K;1.94;-0.11
Abajo;Low right;0.11;0;Atl.Madrid-Dortmund (4);Atl.Madrid;Dourmunt;Gregor K;1.94;-0.11
Arriba;Low centre;0.04;0;Atl.Madrid-Dortmund (4);Atl.Madrid;Dourmunt;Gregor K;1.94;-0.04
Abajo;Low centre;0.02;0;Atl.Madrid-Dortmund (4);Atl.Madrid;Dourmunt;Gregor K;1.94;-0.02
Abajo;Low left;0.65;1;Atl.Madrid-Dortmund (4);Dormund;Atl.Madrid;Oblack;1.86;0.35
Abajo;Low left;0.29;0;Atl.Madrid-Dortmund (4);Dormund;Atl.Madrid;Oblack;1.86;-0.29
Abajo;Low left;0.24;0;Atl.Madrid-Dortmund (4);Dormund;Atl.Madrid;Oblack;1.86;-0.24
Abajo;Low centre;0.08;0;Atl.Madrid-Dortmund (4);Dormund;Atl.Madrid;Oblack;1.86;-0.08
Abajo;Low right;0.69;1;Dourmund-Atl.Madrid (4);Dormund;Atl.Madrid;Oblack;1.86;0.31
Abajo;Low left;0.46;0;Dourmund-Atl.Madrid (4);Dormund;Atl.Madrid;Oblack;1.86;-0.46
Abajo;Low right;0.38;1;Dourmund-Atl.Madrid (4);Dormund;Atl.Madrid;Oblack;1.86;0.62
Abajo;Low right;0.33;1;Dourmund-Atl.Madrid (4);Dormund;Atl.Madrid;Oblack;1.86;0.67
Arriba;High right;0.19;0;Dourmund-Atl.Madrid (4);Dormund;Atl.Madrid;Oblack;1.86;-0.19
Arriba;High left;0.13;0;Dourmund-Atl.Madrid (4);Dormund;Atl.Madrid;Oblack;1.86;-0.13
Abajo;Low right;0.09;0;Dourmund-Atl.Madrid (4);Dormund;Atl.Madrid;Oblack;1.86;-0.09
Abajo;Low centre;0.05;1;Dourmund-Atl.Madrid (4);Dormund;Atl.Madrid;Oblack;1.86;0.95
Abajo;Low centre;0.02;0;Dourmund-Atl.Madrid (4);Dormund;Atl.Madrid;Oblack;1.86;-0.02
Arriba;High centre;0.92;1;Dourmund-Atl.Madrid (4);Atl.Madrid;Dourmunt;Gregor K;1.94;0.08
Arriba;High left;0.15;0;Dourmund-Atl.Madrid (4);Atl.Madrid;Dourmunt;Gregor K;1.94;-0.15
Abajo;Low centre;0.03;0;Dourmund-Atl.Madrid (4);Atl.Madrid;Dourmunt;Gregor K;1.94;-0.03
Abajo;Low left;0.88;1;PSG-Barsa (4);PSG;Barsa;Ter Stegen;1.89;0.12
Arriba;High left;0.25;1;PSG-Barsa (4);PSG;Barsa;Ter Stegen;1.89;0.75
Abajo;Low right;0.09;0;PSG-Barsa (4);PSG;Barsa;Ter Stegen;1.89;-0.09
Arriba;High centre;0.05;0;PSG-Barsa (4);PSG;Barsa;Ter Stegen;1.89;-0.05
Arriba;High centre;0.05;0;PSG-Barsa (4);PSG;Barsa;Ter Stegen;1.89;-0.05
Abajo;Low centre;0.03;0;PSG-Barsa (4);PSG;Barsa;Ter Stegen;1.89;-0.03
Abajo;Low left;0.87;1;PSG-Barsa (4);Barsa;PSG;Gianluigi;1.96;0.13
Abajo;Low centre;0.73;1;PSG-Barsa (4);Barsa;PSG;Gianluigi;1.96;0.27
Arriba;High centre;0.31;1;PSG-Barsa (4);Barsa;PSG;Gianluigi;1.96;0.69
Abajo;Low right;0.27;0;PSG-Barsa (4);Barsa;PSG;Gianluigi;1.96;-0.27
Abajo;Low right;0.11;0;PSG-Barsa (4);Barsa;PSG;Gianluigi;1.96;-0.11
Abajo;Low centre;0.07;0;PSG-Barsa (4);Barsa;PSG;Gianluigi;1.96;-0.07
Abajo;Low right;0.99;1;PSG-Barsa (4);Barsa;PSG;Gianluigi;1.96;0.01
Abajo;Low centre;0.15;0;PSG-Barsa (4);Barsa;PSG;Gianluigi;1.96;-0.15
Abajo;Low right;0.07;0;PSG-Barsa (4);Barsa;PSG;Gianluigi;1.96;-0.07
Arriba;High left;0.99;1;PSG-Barsa (4);PSG;Barsa;Ter Stegen;1.89;0.01
Abajo;Low right;0.91;1;PSG-Barsa (4);PSG;Barsa;Ter Stegen;1.89;0.09
Arriba;High right;0.71;1;PSG-Barsa (4);PSG;Barsa;Ter Stegen;1.89;0.29
Abajo;Low centre;0.64;0;PSG-Barsa (4);PSG;Barsa;Ter Stegen;1.89;-0.64
Abajo;Low left;0.44;1;PSG-Barsa (4);PSG;Barsa;Ter Stegen;1.89;0.56
Abajo;Low left;0.15;0;PSG-Barsa (4);PSG;Barsa;Ter Stegen;1.89;-0.15
Abajo;Low centre;0.07;0;PSG-Barsa (4);PSG;Barsa;Ter Stegen;1.89;-0.07
Arriba;High centre;0.07;0;PSG-Barsa (4);PSG;Barsa;Ter Stegen;1.89;-0.07
Abajo;Low centre;0.04;0;PSG-Barsa (4);PSG;Barsa;Ter Stegen;1.89;-0.04
Abajo;Low left;0.7;1;Bayer M-Arsenal (4);Arsenal;Bayer;Neuer;1.93;0.3
Abajo;Low left;0.37;1;Bayer M-Arsenal (4);Arsenal;Bayer;Neuer;1.93;0.63
Abajo;Low centre;0.15;0;Bayer M-Arsenal (4);Arsenal;Bayer;Neuer;1.93;-0.15
Abajo;Low centre;0.02;0;Bayer M-Arsenal (4);Arsenal;Bayer;Neuer;1.93;-0.02
Arriba;High left;0.86;1;Bayer M-Arsenal (4);Bayer;Arsenal;David Raya;1.86;0.14
Abajo;Low right;0.99;1;Bayer M-Arsenal (4);Bayer;Arsenal;David Raya;1.86;0.01
Arriba;High left;0.59;1;Arsenal-Bayer (4);Bayer;Arsenal;David Raya;1.86;0.41
Abajo;Low centre;0.06;0;Arsenal-Bayer (4);Bayer;Arsenal;David Raya;1.86;-0.06
Abajo;Low centre;0.02;0;Arsenal-Bayer (4);Bayer;Arsenal;David Raya;1.86;-0.02
Abajo;Low right;0.62;0;Arsenal-Bayer (4);Arsenal;Bayer;Neuer;1.93;-0.62
Abajo;Low left;0.16;0;Arsenal-Bayer (4);Arsenal;Bayer;Neuer;1.93;-0.16
Arriba;High centre;0.04;0;Arsenal-Bayer (4);Arsenal;Bayer;Neuer;1.93;-0.04
Abajo;Low right;0.73;1;RM-City (4);RM;City;Stegan Ortega;1.86;0.27
Abajo;Low left;0.4;1;RM-City (4);RM;City;Stegan Ortega;1.86;0.6
Abajo;Low centre;0.03;0;RM-City (4);RM;City;Stegan Ortega;1.86;-0.03
Abajo;Low centre;0.03;0;RM-City (4);RM;City;Stegan Ortega;1.86;-0.03
Abajo;Low centre;0.02;0;RM-City (4);RM;City;Stegan Ortega;1.86;-0.02
Arriba;High left;0.71;1;RM-City (4);City;RM;Lunin;1.91;0.29
Abajo;Low right;0.39;1;RM-City (4);City;RM;Lunin;1.91;0.61
Abajo;Low left;0.16;0;RM-City (4);City;RM;Lunin;1.91;-0.16
Arriba;High left;0.15;0;RM-City (4);City;RM;Lunin;1.91;-0.15
Abajo;Low left;0.12;1;RM-City (4);City;RM;Lunin;1.91;0.88
Abajo;Low centre;0.02;0;RM-City (4);City;RM;Lunin;1.91;-0.02
Arriba;High left;0.88;1;City-RM(4);City;RM;Lunin;1.91;0.12
Abajo;Low left;0.27;0;City-RM(4);City;RM;Lunin;1.91;-0.27
Abajo;Low left;0.21;0;City-RM(4);City;RM;Lunin;1.91;-0.21
Abajo;Low left;0.11;0;City-RM(4);City;RM;Lunin;1.91;-0.11
Abajo;Low centre;0.1;0;City-RM(4);City;RM;Lunin;1.91;-0.1
Abajo;Low left;0.08;0;City-RM(4);City;RM;Lunin;1.91;-0.08
Abajo;Low centre;0.07;0;City-RM(4);City;RM;Lunin;1.91;-0.07
Abajo;Low left;0.06;0;City-RM(4);City;RM;Lunin;1.91;-0.06
Abajo;Low right;0.02;0;City-RM(4);City;RM;Lunin;1.91;-0.02
Abajo;Low left;0.82;1;City-RM(4);RM;City;Ederson;1.88;0.18
Abajo;Low centre;0.56;0;City-RM(4);RM;City;Ederson;1.88;-0.56
Abajo;Low left;0.15;0;City-RM(4);RM;City;Ederson;1.88;-0.15
Abajo;Low right;0.77;0;Leipzeg-RM (16);Leipzeg;RM;Lunin;1.91;-0.77
Abajo;Low centre;0.68;0;Leipzeg-RM (16);Leipzeg;RM;Lunin;1.91;-0.68
Abajo;Low left;0.25;0;Leipzeg-RM (16);Leipzeg;RM;Lunin;1.91;-0.25
Arriba;High left;0.24;0;Leipzeg-RM (16);Leipzeg;RM;Lunin;1.91;-0.24
Abajo;Low centre;0.21;0;Leipzeg-RM (16);Leipzeg;RM;Lunin;1.91;-0.21
Abajo;Low right;0.13;0;Leipzeg-RM (16);Leipzeg;RM;Lunin;1.91;-0.13
Abajo;Low left;0.11;0;Leipzeg-RM (16);Leipzeg;RM;Lunin;1.91;-0.11
Arriba;High centre;0.03;0;Leipzeg-RM (16);Leipzeg;RM;Lunin;1.91;-0.03
Abajo;Low centre;0.02;0;Leipzeg-RM (16);Leipzeg;RM;Lunin;1.91;-0.02
Arriba;High left;0.04;1;Leipzeg-RM (16);RM;Leipzeg;Peter G;1.91;0.96
Abajo;Low left;0.15;0;Leipzeg-RM (16);RM;Leipzeg;Peter G;1.91;-0.15
Abajo;Low centre;0.03;0;Leipzeg-RM (16);RM;Leipzeg;Peter G;1.91;-0.03
Arriba;High left;0.92;1;RM-Leipzeg (16);RM;Leipzeg;Peter G;1.91;0.08
Abajo;Low right;0.1;0;RM-Leipzeg (16);RM;Leipzeg;Peter G;1.91;-0.1
Abajo;Low centre;0.03;0;RM-Leipzeg (16);RM;Leipzeg;Peter G;1.91;-0.03
Abajo;Low right;0.11;1;RM-Leipzeg (16);Leipzeg;RM;Lunin;1.91;0.89
Arriba;High centre;0.05;0;RM-Leipzeg (16);Leipzeg;RM;Lunin;1.91;-0.05
Abajo;Low centre;0.04;0;RM-Leipzeg (16);Leipzeg;RM;Lunin;1.91;-0.04
Abajo;Low centre;0.02;0;RM-Leipzeg (16);Leipzeg;RM;Lunin;1.91;-0.02
Abajo;Low left;0.33;1;Inter-AtM (16);Inter;AtM;Oblack;1.86;0.67
Abajo;Low centre;0.1;0;Inter-AtM (16);Inter;AtM;Oblack;1.86;-0.1
Abajo;Low centre;0.08;0;Inter-AtM (16);Inter;AtM;Oblack;1.86;-0.08
Abajo;Low centre;0.08;0;Inter-AtM (16);Inter;AtM;Oblack;1.86;-0.08
Abajo;Low centre;0.03;0;Inter-AtM (16);Inter;AtM;Oblack;1.86;-0.03
Abajo;Low centre;0.02;0;AtM-Inter (16);AtM;Inter;Yann S;1.83;-0.02
Abajo;Low centre;0.07;0;AtM-Inter (16);AtM;Inter;Yann S;1.83;-0.07
Abajo;Low right;0.18;0;AtM-Inter (16);AtM;Inter;Yann S;1.83;-0.18
Abajo;Low left;0.9;1;AtM-Inter (16);AtM;Inter;Yann S;1.83;0.1
Abajo;Low right;0.29;0;AtM-Inter (16);AtM;Inter;Yann S;1.83;-0.29
Abajo;Low left;0.88;1;AtM-Inter (16);AtM;Inter;Yann S;1.83;0.12
Arriba;High right;0.08;0;AtM-Inter (16);AtM;Inter;Yann S;1.83;-0.08
Abajo;Low centre;0.38;0;AtM-Inter (16);AtM;Inter;Yann S;1.83;-0.38
Abajo;Low centre;0.03;0;AtM-Inter (16);AtM;Inter;Yann S;1.83;-0.03
Abajo;Low centre;0.04;0;Inter-AtM (16);Inter;AtM;Oblack;1.86;-0.04
Abajo;Low right;0.26;0;Inter-AtM (16);Inter;AtM;Oblack;1.86;-0.26
Arriba;High centre;0.08;0;Inter-AtM (16);Inter;AtM;Oblack;1.86;-0.08
Abajo;Low centre;0.55;1;Inter-AtM (16);Inter;AtM;Oblack;1.86;0.45
Abajo;Low centre;0.04;0;Inter-AtM (16);Inter;AtM;Oblack;1.86;-0.04
Abajo;Low left;0.96;1;PSV-Dormund (16);PSV;Dormund;Alexander M;1.96;0.04
Abajo;Low right;0.18;0;PSV-Dormund (16);PSV;Dormund;Alexander M;1.96;-0.18
Abajo;Low centre;0.04;0;PSV-Dormund (16);PSV;Dormund;Alexander M;1.96;-0.04
Arriba;High centre;0.04;0;PSV-Dormund (16);PSV;Dormund;Alexander M;1.96;-0.04
Arriba;High left;0.43;0;PSV-Dormund (16);Dormund;PSV;Water B;1.91;-0.43
Abajo;Low left;0.16;0;PSV-Dormund (16);Dormund;PSV;Water B;1.91;-0.16
Arriba;High right;0.1;1;PSV-Dormund (16);Dormund;PSV;Water B;1.91;0.9
Abajo;Low left;0.05;0;PSV-Dormund (16);Dormund;PSV;Water B;1.91;-0.05
Abajo;Low centre;0.04;0;PSV-Dormund (16);Dormund;PSV;Water B;1.91;-0.04
Abajo;Low right;0.72;0;Dormund-PSV (16);Dormund;PSV;Water B;1.91;-0.72
Abajo;Low left;0.6;1;Dormund-PSV (16);Dormund;PSV;Water B;1.91;0.4
Abajo;Low left;0.24;1;Dormund-PSV (16);Dormund;PSV;Water B;1.91;0.76
Abajo;Low centre;0.23;0;Dormund-PSV (16);Dormund;PSV;Water B;1.91;-0.23
Arriba;High centre;0.06;0;Dormund-PSV (16);Dormund;PSV;Water B;1.91;-0.06
Abajo;Low right;0.06;0;Dormund-PSV (16);Dormund;PSV;Water B;1.91;-0.06
Abajo;Low centre;0.06;0;Dormund-PSV (16);Dormund;PSV;Water B;1.91;-0.06
Arriba;High right;0.4;0;Dormund-PSV (16);PSV;Dormund;Gregor K;1.94;-0.4
Abajo;Low right;0.27;0;Dormund-PSV (16);PSV;Dormund;Gregor K;1.94;-0.27
Abajo;Low centre;0.09;0;Dormund-PSV (16);PSV;Dormund;Gregor K;1.94;-0.09
Abajo;Low left;0.09;0;Dormund-PSV (16);PSV;Dormund;Gregor K;1.94;-0.09
Arriba;High centre;0.08;0;Dormund-PSV (16);PSV;Dormund;Gregor K;1.94;-0.08
Abajo;Low centre;0.05;0;Dormund-PSV (16);PSV;Dormund;Gregor K;1.94;-0.05
Abajo;Low centre;0.02;0;Dormund-PSV (16);PSV;Dormund;Gregor K;1.94;-0.02
Abajo;Low right;0.23;1;Copenhagen-City(16);Copenhage;City;Ederson;1.88;0.77
Abajo;Low left;0.93;1;Copenhagen-City(16);City;Copenhage;Kamil G;1.95;0.07
Abajo;Low left;0.7;1;Copenhagen-City(16);City;Copenhage;Kamil G;1.95;0.3
Abajo;Low right;0.7;0;Copenhagen-City(16);City;Copenhage;Kamil G;1.95;-0.7
Abajo;Low left;0.35;0;Copenhagen-City(16);City;Copenhage;Kamil G;1.95;-0.35
Abajo;Low centre;0.3;1;Copenhagen-City(16);City;Copenhage;Kamil G;1.95;0.7
Abajo;Low right;0.26;0;Copenhagen-City(16);City;Copenhage;Kamil G;1.95;-0.26
Arriba;High right;0.19;0;Copenhagen-City(16);City;Copenhage;Kamil G;1.95;-0.19
Arriba;High right;0.16;0;Copenhagen-City(16);City;Copenhage;Kamil G;1.95;-0.16
Abajo;Low right;0.13;0;Copenhagen-City(16);City;Copenhage;Kamil G;1.95;-0.13
Abajo;Low right;0.13;0;Copenhagen-City(16);City;Copenhage;Kamil G;1.95;-0.13
Arriba;High centre;0.04;0;Copenhagen-City(16);City;Copenhage;Kamil G;1.95;-0.04
Abajo;Low centre;0.03;0;Copenhagen-City(16);City;Copenhage;Kamil G;1.95;-0.03
Arriba;High right;0.27;1;City-Copenhagen (16);City;Copenhage;Kamil G;1.95;0.73
Abajo;Low right;0.2;1;City-Copenhagen (16);City;Copenhage;Kamil G;1.95;0.8
Arriba;High left;0.07;1;City-Copenhagen (16);City;Copenhage;Kamil G;1.95;0.93
Abajo;Low right;0.94;1;City-Copenhagen (16);Copenhage;City;Ederson;1.88;0.06
Abajo;Low left;0.39;0;City-Copenhagen (16);Copenhage;City;Ederson;1.88;-0.39
Abajo;Low right;0.24;1;Porto-Arsenal (16);Porto;Arsenal;David raya;1.86;0.76
Abajo;Low centre;0.04;0;Porto-Arsenal (16);Porto;Arsenal;David raya;1.86;-0.04
Abajo;Low right;0.52;1;Arsenal-Porto (16);Arsenal;Porto;Diogo Costa;1.86;0.48
Abajo;Low right;0.31;0;Arsenal-Porto (16);Arsenal;Porto;Diogo Costa;1.86;-0.31
Abajo;Low left;0.16;0;Arsenal-Porto (16);Arsenal;Porto;Diogo Costa;1.86;-0.16
Abajo;Low centre;0.03;0;Arsenal-Porto (16);Arsenal;Porto;Diogo Costa;1.86;-0.03
Abajo;Low right;0.09;0;Arsenal-Porto (16);Porto;Arsenal;David raya;1.86;-0.09
Abajo;Low centre;0.04;0;Arsenal-Porto (16);Porto;Arsenal;David raya;1.86;-0.04
Abajo;Low centre;0.02;0;Arsenal-Porto (16);Porto;Arsenal;David raya;1.86;-0.02
Abajo;Low right;0.99;1;Lazio-Bauer (16);Lazio;Bayer;Neuer;1.93;0.01
Abajo;Low left;0.87;0;Lazio-Bauer (16);Lazio;Bayer;Neuer;1.93;-0.87
Abajo;Low centre;0.05;0;Lazio-Bauer (16);Lazio;Bayer;Neuer;1.93;-0.05
Abajo;Low centre;0.02;0;Lazio-Bauer (16);Lazio;Bayer;Neuer;1.93;-0.02
Abajo;Low left;0.86;1;Bayer-Lazio (16);Bayer;Lazio;Ivan P;1.92;0.14
Abajo;Low centre;0.81;1;Bayer-Lazio (16);Bayer;Lazio;Ivan P;1.92;0.19
Abajo;Low left;0.8;1;Bayer-Lazio (16);Bayer;Lazio;Ivan P;1.92;0.2
Arriba;High right;0.39;0;Bayer-Lazio (16);Bayer;Lazio;Ivan P;1.92;-0.39
Abajo;Low left;0.21;0;Bayer-Lazio (16);Bayer;Lazio;Ivan P;1.92;-0.21
Arriba;High right;0.12;0;Bayer-Lazio (16);Bayer;Lazio;Ivan P;1.92;-0.12
Abajo;Low centre;0.06;0;Bayer-Lazio (16);Bayer;Lazio;Ivan P;1.92;-0.06
Abajo;Low left;0.5;1;Napoli-Barsa (16);Napoli;Barsa;Ter Stegen;1.89;0.5
Abajo;Low left;0.31;1;Napoli-Barsa (16);Barsa;Napoli;Alex M;1.85;0.69
Abajo;Low left;0.25;0;Napoli-Barsa (16);Barsa;Napoli;Alex M;1.85;-0.25
Arriba;High left;0.17;0;Napoli-Barsa (16);Barsa;Napoli;Alex M;1.85;-0.17
Arriba;High left;0.13;0;Napoli-Barsa (16);Barsa;Napoli;Alex M;1.85;-0.13
Abajo;Low right;0.11;0;Napoli-Barsa (16);Barsa;Napoli;Alex M;1.85;-0.11
Abajo;Low centre;0.08;0;Napoli-Barsa (16);Barsa;Napoli;Alex M;1.85;-0.08
Abajo;Low right;0.84;1;Barsa_Napoli (16);Barsa;Napoli;Alex M;1.85;0.16
Abajo;Low left;0.79;1;Barsa_Napoli (16);Barsa;Napoli;Alex M;1.85;0.21
Abajo;Low centre;0.51;1;Barsa_Napoli (16);Barsa;Napoli;Alex M;1.85;0.49
Abajo;Low centre;0.49;0;Barsa_Napoli (16);Barsa;Napoli;Alex M;1.85;-0.49
Abajo;Low left;0.3;0;Barsa_Napoli (16);Barsa;Napoli;Alex M;1.85;-0.3
Abajo;Low right;0.23;0;Barsa_Napoli (16);Barsa;Napoli;Alex M;1.85;-0.23
Abajo;Low left;0.16;0;Barsa_Napoli (16);Barsa;Napoli;Alex M;1.85;-0.49
Abajo;Low left;0.13;0;Barsa_Napoli (16);Barsa;Napoli;Alex M;1.85;-0.3
Abajo;Low left;0.08;0;Barsa_Napoli (16);Barsa;Napoli;Alex M;1.85;-0.23
Abajo;Low centre;0.08;0;Barsa_Napoli (16);Barsa;Napoli;Alex M;1.85;-0.16
Abajo;Low left;0.93;1;Barsa_Napoli (16);Napoli;Barsa;Ter Stegen;1.89;0.07
Abajo;Low centre;0.19;0;Barsa_Napoli (16);Napoli;Barsa;Ter Stegen;1.89;-0.19
Abajo;Low right;0.17;0;Barsa_Napoli (16);Napoli;Barsa;Ter Stegen;1.89;-0.17
Arriba;High centre;0.16;0;Barsa_Napoli (16);Napoli;Barsa;Ter Stegen;1.89;-0.16
Arriba;High left;0.83;1;PSG-Real Sociedad (16);PSG;RS;Alex Remio;1.92;0.17
Abajo;Low left;0.73;0;PSG-Real Sociedad (16);PSG;RS;Alex Remio;1.92;-0.73
Abajo;Low centre;0.21;1;PSG-Real Sociedad (16);PSG;RS;Alex Remio;1.92;0.79
Abajo;Low left;0.17;0;PSG-Real Sociedad (16);PSG;RS;Alex Remio;1.92;-0.17
Arriba;High centre;0.06;0;PSG-Real Sociedad (16);PSG;RS;Alex Remio;1.92;-0.06
Abajo;Low centre;0.02;0;PSG-Real Sociedad (16);PSG;RS;Alex Remio;1.92;-0.02
Abajo;Low left;0.72;1;Real Sociedad-PSG (16);RS;PSG;Gianluigi;1.96;0.28
Arriba;High left;0.64;0;Real Sociedad-PSG (16);RS;PSG;Gianluigi;1.96;-0.64
Abajo;Low centre;0.41;0;Real Sociedad-PSG (16);RS;PSG;Gianluigi;1.96;-0.41
Abajo;Low right;0.24;0;Real Sociedad-PSG (16);RS;PSG;Gianluigi;1.96;-0.24
Abajo;Low right;0.08;0;Real Sociedad-PSG (16);RS;PSG;Gianluigi;1.96;-0.08
Abajo;Low left;0.08;0;Real Sociedad-PSG (16);RS;PSG;Gianluigi;1.96;-0.08
Arriba;High centre;0.03;0;Real Sociedad-PSG (16);RS;PSG;Gianluigi;1.96;-0.03
Abajo;Low left;0.99;0;Real Sociedad-PSG (16);PSG;RS;Alex Remio;1.92;-0.99
Abajo;Low right;0.56;1;Real Sociedad-PSG (16);PSG;RS;Alex Remio;1.92;0.44
Abajo;Low right;0.53;0;Real Sociedad-PSG (16);PSG;RS;Alex Remio;1.92;-0.53
Abajo;Low left;0.39;1;Real Sociedad-PSG (16);PSG;RS;Alex Remio;1.92;0.61
Abajo;Low right;0.33;0;Real Sociedad-PSG (16);PSG;RS;Alex Remio;1.92;-0.33
Abajo;Low right;0.15;0;Real Sociedad-PSG (16);PSG;RS;Alex Remio;1.92;-0.15
Abajo;Low centre;0.03;0;Real Sociedad-PSG (16);PSG;RS;Alex Remio;1.92;-0.03
Abajo;Low right;0.76;0;Milan-Newcasthle (R1);Milan;Newcastle;Nick P;1.9;-0.76
Abajo;Low right;0.13;0;Milan-Newcasthle (R1);Milan;Newcastle;Nick P;1.9;-0.13
Abajo;Low right;0.11;0;Milan-Newcasthle (R1);Milan;Newcastle;Nick P;1.9;-0.11
Abajo;Low left;0.07;0;Milan-Newcasthle (R1);Milan;Newcastle;Nick P;1.9;-0.07
Arriba;High centre;0.07;0;Milan-Newcasthle (R1);Milan;Newcastle;Nick P;1.9;-0.07
Abajo;Low centre;0.05;0;Milan-Newcasthle (R1);Milan;Newcastle;Nick P;1.9;-0.05
Abajo;Low centre;0.04;0;Milan-Newcasthle (R1);Milan;Newcastle;Nick P;1.9;-0.04
Arriba;High centre;0.04;0;Milan-Newcasthle (R1);Milan;Newcastle;Nick P;1.9;-0.04
Arriba;High centre;0.07;0;Milan-Newcasthle (R1);Newcastle;Milan;Marco S;1.92;-0.07
Abajo;Low right;0.32;1;YB-Leipzeg (R1);YB;Leipzeg;Janis B;1.93;0.68
Arriba;High left;0.28;0;YB-Leipzeg (R1);YB;Leipzeg;Janis B;1.93;-0.28
Abajo;Low centre;0.04;0;YB-Leipzeg (R1);YB;Leipzeg;Janis B;1.93;-0.04
Abajo;Low right;0.93;1;YB-Leipzeg (R1);Leipzeg;YB;Anthony R;1.86;0.07
Abajo;Low centre;0.41;0;YB-Leipzeg (R1);Leipzeg;YB;Anthony R;1.86;-0.41
Abajo;Low right;0.35;1;YB-Leipzeg (R1);Leipzeg;YB;Anthony R;1.86;0.65
Abajo;Low right;0.29;1;YB-Leipzeg (R1);Leipzeg;YB;Anthony R;1.86;0.71
Abajo;Low centre;0.25;0;YB-Leipzeg (R1);Leipzeg;YB;Anthony R;1.86;-0.25
Abajo;Low right;0.12;0;YB-Leipzeg (R1);Leipzeg;YB;Anthony R;1.86;-0.12
Abajo;Low right;0.08;0;YB-Leipzeg (R1);Leipzeg;YB;Anthony R;1.86;-0.08
Abajo;Low centre;0.06;0;YB-Leipzeg (R1);Leipzeg;YB;Anthony R;1.86;-0.06
Abajo;Low right;0.94;1;City-Red (R1);City;Red;Omri;1.9;0.06
Abajo;Low centre;0.84;0;City-Red (R1);City;Red;Omri;1.9;-0.84
Abajo;Low right;0.5;1;City-Red (R1);City;Red;Omri;1.9;0.5
Arriba;High right;0.49;1;City-Red (R1);City;Red;Omri;1.9;0.51
Abajo;Low left;0.43;0;City-Red (R1);City;Red;Omri;1.9;-0.43
Abajo;Low right;0.33;0;City-Red (R1);City;Red;Omri;1.9;-0.33
Abajo;Low centre;0.23;0;City-Red (R1);City;Red;Omri;1.9;-0.23
Abajo;Low left;0.2;0;City-Red (R1);City;Red;Omri;1.9;-0.2
Abajo;Low right;0.18;0;City-Red (R1);City;Red;Omri;1.9;-0.18
Arriba;High right;0.13;0;City-Red (R1);City;Red;Omri;1.9;-0.13
Abajo;Low right;0.1;0;City-Red (R1);City;Red;Omri;1.9;-0.1
Abajo;Low left;0.09;0;City-Red (R1);City;Red;Omri;1.9;-0.09
Arriba;High centre;0.06;0;City-Red (R1);City;Red;Omri;1.9;-0.06
Arriba;High centre;0.05;0;City-Red (R1);City;Red;Omri;1.9;-0.05
Abajo;Low centre;0.03;0;City-Red (R1);City;Red;Omri;1.9;-0.03
Abajo;Low centre;0.03;0;City-Red (R1);City;Red;Omri;1.9;-0.03
Abajo;Low centre;0.34;1;City-Red (R1);Red;City;Ederson;1.88;0.66
Abajo;Low centre;0.05;0;City-Red (R1);Red;City;Ederson;1.88;-0.05
Abajo;Low left;1;1;PSG-Dourmund (R1);PSG;Dormund;Gregor K;1.94;0
Abajo;Low left;0.92;1;PSG-Dourmund (R1);PSG;Dormund;Gregor K;1.94;0.08
Abajo;Low left;0.11;0;PSG-Dourmund (R1);PSG;Dormund;Gregor K;1.94;-0.11
Abajo;Low centre;0.03;0;PSG-Dourmund (R1);Dormund;PSG;Gianluigi D;1.96;-0.03
Abajo;Low right;0.66;1;Lazio-AtM (R1);Lazio;AtM;Oblack;1.86;0.34
Abajo;Low centre;0.42;0;Lazio-AtM (R1);Lazio;AtM;Oblack;1.86;-0.42
Abajo;Low left;0.23;0;Lazio-AtM (R1);Lazio;AtM;Oblack;1.86;-0.23
Arriba;High centre;0.16;0;Lazio-AtM (R1);Lazio;AtM;Oblack;1.86;-0.16
Abajo;Low right;0.14;0;Lazio-AtM (R1);Lazio;AtM;Oblack;1.86;-0.14
Abajo;Low centre;0.06;0;Lazio-AtM (R1);Lazio;AtM;Oblack;1.86;-0.06
Arriba;High centre;0.04;0;Lazio-AtM (R1);Lazio;AtM;Oblack;1.86;-0.04
Arriba;High left;0.57;0;Lazio-AtM (R1);AtM;Lazio;Ivan P;1.92;-0.57
Abajo;Low centre;0.41;0;Lazio-AtM (R1);AtM;Lazio;Ivan P;1.92;-0.41
Abajo;Low right;0.28;0;Lazio-AtM (R1);AtM;Lazio;Ivan P;1.92;-0.28
Abajo;Low right;0.11;1;Lazio-AtM (R1);AtM;Lazio;Ivan P;1.92;0.89
Arriba;High left;0.99;0;Feyernoord-Celtic (R1);Feyemoord;Celtic;Joe H;1.96;-0.99
Arriba;High centre;0.37;1;Feyernoord-Celtic (R1);Feyemoord;Celtic;Joe H;1.96;0.63
Abajo;Low right;0.23;1;Feyernoord-Celtic (R1);Feyemoord;Celtic;Joe H;1.96;0.77
Abajo;Low right;0.2;0;Feyernoord-Celtic (R1);Feyemoord;Celtic;Joe H;1.96;-0.2
Arriba;High centre;0.07;0;Feyernoord-Celtic (R1);Feyemoord;Celtic;Joe H;1.96;-0.07
Arriba;High left;0.37;0;Feyernoord-Celtic (R1);Celtic;Feyemoord;Timon W;1.86;-0.37
Abajo;Low right;0.15;0;Feyernoord-Celtic (R1);Celtic;Feyemoord;Timon W;1.86;-0.15
Arriba;High left;0.12;0;Feyernoord-Celtic (R1);Celtic;Feyemoord;Timon W;1.86;-0.12
Abajo;Low right;0.84;1;Barsa-Ant (R1);Barsa;Ant;Jean B;1.88;0.16
Abajo;Low left;0.65;1;Barsa-Ant (R1);Barsa;Ant;Jean B;1.88;0.35
Abajo;Low centre;0.46;0;Barsa-Ant (R1);Barsa;Ant;Jean B;1.88;-0.46
Arriba;High left;0.25;1;Barsa-Ant (R1);Barsa;Ant;Jean B;1.88;0.75
Abajo;Low left;0.19;1;Barsa-Ant (R1);Barsa;Ant;Jean B;1.88;0.81
Abajo;Low right;0.13;0;Barsa-Ant (R1);Barsa;Ant;Jean B;1.88;-0.13
Abajo;Low centre;0.09;0;Barsa-Ant (R1);Barsa;Ant;Jean B;1.88;-0.09
Abajo;Low centre;0.07;0;Barsa-Ant (R1);Barsa;Ant;Jean B;1.88;-0.07
Abajo;Low centre;0.06;0;Barsa-Ant (R1);Barsa;Ant;Jean B;1.88;-0.06
Abajo;Low left;0.26;0;Barsa-Ant (R1);Ant;Barsa;Ter Stegen;1.89;-0.26
Abajo;Low right;0.59;1;Shakhtar-Porto (R1);Shakhtar;Porto;Diogo Costa;1.86;0.41
Abajo;Low right;0.1;0;Shakhtar-Porto (R1);Shakhtar;Porto;Diogo Costa;1.86;-0.1
Arriba;High right;0.08;0;Shakhtar-Porto (R1);Shakhtar;Porto;Diogo Costa;1.86;-0.08
Arriba;High centre;0.07;0;Shakhtar-Porto (R1);Shakhtar;Porto;Diogo Costa;1.86;-0.07
Abajo;Low right;0.85;1;Shakhtar-Porto (R1);Porto;Shakhtar;Dmytro R;1.86;0.15
Abajo;Low right;0.76;1;Shakhtar-Porto (R1);Porto;Shakhtar;Dmytro R;1.86;0.24
Arriba;High right;0.73;0;Shakhtar-Porto (R1);Porto;Shakhtar;Dmytro R;1.86;-0.73
Abajo;Low left;0.69;1;Shakhtar-Porto (R1);Porto;Shakhtar;Dmytro R;1.86;0.31
Abajo;Low right;0.37;0;Shakhtar-Porto (R1);Porto;Shakhtar;Dmytro R;1.86;-0.37
Arriba;High left;0.2;0;Shakhtar-Porto (R1);Porto;Shakhtar;Dmytro R;1.86;-0.2
Abajo;Low right;0.12;0;Shakhtar-Porto (R1);Porto;Shakhtar;Dmytro R;1.86;-0.12
Abajo;Low centre;0.07;0;Shakhtar-Porto (R1);Porto;Shakhtar;Dmytro R;1.86;-0.07
Abajo;Low left;0.06;0;Shakhtar-Porto (R1);Porto;Shakhtar;Dmytro R;1.86;-0.06
Abajo;Low centre;0.93;1;RM-Union Berlin (R1);RM;Union;Fredeik R;1.88;0.07
Abajo;Low right;0.55;0;RM-Union Berlin (R1);RM;Union;Fredeik R;1.88;-0.55
Abajo;Low centre;0.55;0;RM-Union Berlin (R1);RM;Union;Fredeik R;1.88;-0.55
Abajo;Low centre;0.3;0;RM-Union Berlin (R1);RM;Union;Fredeik R;1.88;-0.3
Arriba;High centre;0.1;0;RM-Union Berlin (R1);RM;Union;Fredeik R;1.88;-0.1
Abajo;Low left;0.1;0;RM-Union Berlin (R1);RM;Union;Fredeik R;1.88;-0.1
Arriba;High centre;0.09;0;RM-Union Berlin (R1);RM;Union;Fredeik R;1.88;-0.09
Abajo;Low left;0.57;0;Galatasaray-Copenhage (R1);Gala;Copenhage;Kamil G;1.95;-0.57
Abajo;Low left;0.25;0;Galatasaray-Copenhage (R1);Gala;Copenhage;Kamil G;1.95;-0.25
Arriba;High right;0.24;1;Galatasaray-Copenhage (R1);Gala;Copenhage;Kamil G;1.95;0.76
Abajo;Low right;0.2;1;Galatasaray-Copenhage (R1);Gala;Copenhage;Kamil G;1.95;0.8
Abajo;Low centre;0.03;0;Galatasaray-Copenhage (R1);Gala;Copenhage;Kamil G;1.95;-0.03
Arriba;High right;0.92;1;Galatasaray-Copenhage (R1);Copenhage;Gala;Fernando M;1.91;0.08
Abajo;Low left;0.8;1;Galatasaray-Copenhage (R1);Copenhage;Gala;Fernando M;1.91;0.2
Abajo;Low left;0.13;0;Galatasaray-Copenhage (R1);Copenhage;Gala;Fernando M;1.91;-0.13
Abajo;Low right;0.23;0;Braga-Napoli (R1);Braga;Napoli;Alex M;1.85;-0.23
Arriba;High left;0.2;1;Braga-Napoli (R1);Braga;Napoli;Alex M;1.85;0.8
Abajo;Low left;0.6;0;Braga-Napoli (R1);Napli;Braga;Matheus;1.87;-0.6
Arriba;High right;0.38;1;Braga-Napoli (R1);Napli;Braga;Matheus;1.87;0.62
Abajo;Low left;0.27;0;Braga-Napoli (R1);Napli;Braga;Matheus;1.87;-0.27
Abajo;Low left;0.18;0;Braga-Napoli (R1);Napli;Braga;Matheus;1.87;-0.18
Abajo;Low centre;0.15;0;Braga-Napoli (R1);Napli;Braga;Matheus;1.87;-0.15
Abajo;Low centre;0.03;0;Braga-Napoli (R1);Napli;Braga;Matheus;1.87;-0.03
Abajo;Low left;0.82;1;Arsenal-Eindoven (R1);Arsenal;PSV;Walter B;1.91;0.18
Arriba;High left;0.62;1;Arsenal-Eindoven (R1);Arsenal;PSV;Walter B;1.91;0.38
Abajo;Low right;0.5;0;Arsenal-Eindoven (R1);Arsenal;PSV;Walter B;1.91;-0.5
Abajo;Low right;0.49;1;Arsenal-Eindoven (R1);Arsenal;PSV;Walter B;1.91;0.51
Abajo;Low right;0.3;1;Arsenal-Eindoven (R1);Arsenal;PSV;Walter B;1.91;0.7
Arriba;High right;0.24;0;Arsenal-Eindoven (R1);Arsenal;PSV;Walter B;1.91;-0.24
Abajo;Low right;0.2;0;Arsenal-Eindoven (R1);Arsenal;PSV;Walter B;1.91;-0.2
Abajo;Low centre;0.05;0;Arsenal-Eindoven (R1);Arsenal;PSV;Walter B;1.91;-0.05
Arriba;High left;0.3;0;Arsenal-Eindoven (R1);PSV;Arsenal;David raya;1.86;-0.3
Abajo;Low left;0.21;0;Arsenal-Eindoven (R1);;Arsenal;David raya;1.86;-0.21
Abajo;Low right;0.09;0;Arsenal-Eindoven (R1);;Arsenal;David raya;1.86;-0.09
Abajo;Low centre;0.03;0;Arsenal-Eindoven (R1);;Arsenal;David raya;1.86;-0.03
Abajo;Low centre;0.37;0;Benfica-Salzburg (R1);Benfica;Salzburg;Alexander S;1.84;-0.37
Arriba;High left;0.28;0;Benfica-Salzburg (R1);Benfica;Salzburg;Alexander S;1.84;-0.28
Abajo;Low left;0.17;0;Benfica-Salzburg (R1);Benfica;Salzburg;Alexander S;1.84;-0.17
Arriba;High right;0.14;0;Benfica-Salzburg (R1);Benfica;Salzburg;Alexander S;1.84;-0.14
Abajo;Low centre;0.1;0;Benfica-Salzburg (R1);Benfica;Salzburg;Alexander S;1.84;-0.1
Abajo;Low centre;0.07;0;Benfica-Salzburg (R1);Benfica;Salzburg;Alexander S;1.84;-0.07
Abajo;Low right;0.99;1;Benfica-Salzburg (R1);Salzburg;Benfica;Anatolii T;2;0.01
Abajo;Low left;0.8;1;Benfica-Salzburg (R1);Salzburg;Benfica;Anatolii T;2;0.2
Abajo;Low centre;0.49;0;Benfica-Salzburg (R1);Salzburg;Benfica;Anatolii T;2;-0.49
Abajo;Low left;0.28;0;Benfica-Salzburg (R1);Salzburg;Benfica;Anatolii T;2;-0.28
Abajo;Low centre;0.05;0;Benfica-Salzburg (R1);Salzburg;Benfica;Anatolii T;2;-0.05
Abajo;Low left;0.84;0;Sevilla-Lens (R1);Sevilla;Lens;Brice S;1.86;-0.84
Abajo;Low right;0.4;0;Sevilla-Lens (R1);Sevilla;Lens;Brice S;1.86;-0.4
Arriba;High centre;0.2;1;Sevilla-Lens (R1);Sevilla;Lens;Brice S;1.86;0.8
Arriba;High left;0.12;0;Sevilla-Lens (R1);Sevilla;Lens;Brice S;1.86;-0.12
Abajo;Low centre;0.09;0;Sevilla-Lens (R1);Sevilla;Lens;Brice S;1.86;-0.09
Arriba;High right;0.56;1;Sevilla-Lens (R1);Lens;Sevilla;Marko D;1.94;0.44
Arriba;High left;0.48;0;Sevilla-Lens (R1);Lens;Sevilla;Marko D;1.94;-0.48
Arriba;High centre;0.46;0;Sevilla-Lens (R1);Lens;Sevilla;Marko D;1.94;-0.46
Abajo;Low left;0.99;1;Bayer-M United;Bayer;United;Andre O;1.85;0.01
Arriba;High left;0.92;1;Bayer-M United;Bayer;United;Andre O;1.85;0.08
Abajo;Low right;0.84;1;Bayer-M United;Bayer;United;Andre O;1.85;0.16
Arriba;High left;0.41;0;Bayer-M United;Bayer;United;Andre O;1.85;-0.41
Abajo;Low right;0.11;1;Bayer-M United;Bayer;United;Andre O;1.85;0.89
Abajo;Low right;0.08;0;Bayer-M United;Bayer;United;Andre O;1.85;-0.08
Abajo;Low centre;0.08;0;Bayer-M United;Bayer;United;Andre O;1.85;-0.08
Arriba;High centre;0.05;0;Bayer-M United;Bayer;United;Andre O;1.85;-0.05
Abajo;Low centre;0.02;0;Bayer-M United;Bayer;United;Andre O;1.85;-0.02
Abajo;Low centre;0.88;1;Bayer-M United;United;Bayer;Sven;1.92;0.12
Abajo;Low left;0.84;1;Bayer-M United;United;Bayer;Sven;1.92;0.16
Abajo;Low left;0.48;0;Bayer-M United;United;Bayer;Sven;1.92;-0.48
Abajo;Low right;0.18;1;Bayer-M United;United;Bayer;Sven;1.92;0.82
Arriba;High centre;0.34;0;R Sociedad-Inter (R1);rRS;Inter;Yan S;1.83;-0.34
Abajo;Low left;0.26;0;R Sociedad-Inter (R1);rRS;Inter;Yan S;1.83;-0.26
Abajo;Low right;0.24;1;R Sociedad-Inter (R1);rRS;Inter;Yan S;1.83;0.76
Arriba;High centre;0.14;0;R Sociedad-Inter (R1);rRS;Inter;Yan S;1.83;-0.14
Abajo;Low centre;0.03;0;R Sociedad-Inter (R1);rRS;Inter;Yan S;1.83;-0.03
Arriba;High centre;0.64;1;R Sociedad-Inter (R1);Inter;RS;Alex Remiro;1.92;0.36
Abajo;Low left;0.06;0;Salzburg-RS (R2);Salzburg;RS;Alex Remiro;1.92;-0.06
Abajo;Low right;0.36;1;Salzburg-RS (R2);RS;Salzburg;Alexander S;1.84;0.64
Arriba;High centre;0.27;0;Salzburg-RS (R2);RS;Salzburg;Alexander S;1.84;-0.27
Abajo;Low left;0.24;1;Salzburg-RS (R2);RS;Salzburg;Alexander S;1.84;0.76
Abajo;Low left;0.23;0;Salzburg-RS (R2);RS;Salzburg;Alexander S;1.84;-0.23
Abajo;Low centre;0.01;0;Salzburg-RS (R2);RS;Salzburg;Alexander S;1.84;-0.01
Abajo;Low left;0.52;1;Union-Braga (R2);Union;Braga;Matheus;1.87;0.48
Abajo;Low left;0.36;0;Union-Braga (R2);Union;Braga;Matheus;1.87;-0.36
Abajo;Low centre;0.23;0;Union-Braga (R2);Union;Braga;Matheus;1.87;-0.23
Abajo;Low centre;0.21;1;Union-Braga (R2);Union;Braga;Matheus;1.87;0.79
Abajo;Low centre;0.14;0;Union-Braga (R2);Union;Braga;Matheus;1.87;-0.14
Abajo;Low centre;0.66;1;Union-Braga (R2);Braga;Union;Fredeik R;1.88;0.34
Abajo;Low left;0.55;1;Union-Braga (R2);Braga;Union;Fredeik R;1.88;0.45
Arriba;High right;0.35;1;Union-Braga (R2);Braga;Union;Fredeik R;1.88;0.65
Abajo;Low right;0.17;0;Union-Braga (R2);Braga;Union;Fredeik R;1.88;-0.17
Abajo;Low centre;0.07;0;Union-Braga (R2);Braga;Union;Fredeik R;1.88;-0.07
Abajo;Low centre;0.05;0;Union-Braga (R2);Braga;Union;Fredeik R;1.88;-0.05
Arriba;High left;0.97;1;United-Galatasaray (R2);United;Gala;Fernando M;1.91;0.03
Abajo;Low centre;0.52;1;United-Galatasaray (R2);United;Gala;Fernando M;1.91;0.48
Abajo;Low right;0.05;0;United-Galatasaray (R2);United;Gala;Fernando M;1.91;-0.05
Arriba;High centre;0.04;0;United-Galatasaray (R2);United;Gala;Fernando M;1.91;-0.04
Abajo;Low centre;0.02;0;United-Galatasaray (R2);United;Gala;Fernando M;1.91;-0.02
Abajo;Low left;0.91;1;United-Galatasaray (R2);Gala;United;Andre O;1.85;0.09
Arriba;High left;0.87;1;United-Galatasaray (R2);Gala;United;Andre O;1.85;0.13
Abajo;Low centre;0.32;1;United-Galatasaray (R2);Gala;United;Andre O;1.85;0.68
Arriba;High centre;0.18;0;United-Galatasaray (R2);Gala;United;Andre O;1.85;-0.18
Abajo;Low right;0.97;1;PSV-Sevilla (R2);PSV;Sevila;Orjan;1.92;0.03
Abajo;Low right;0.84;1;PSV-Sevilla (R2);PSV;Sevila;Orjan;1.92;0.16
Abajo;Low right;0.22;0;PSV-Sevilla (R2);PSV;Sevila;Orjan;1.92;-0.22
Abajo;Low right;0.17;0;PSV-Sevilla (R2);PSV;Sevila;Orjan;1.92;-0.17
Abajo;Low left;0.12;0;PSV-Sevilla (R2);PSV;Sevila;Orjan;1.92;-0.12
Abajo;Low centre;0.09;0;PSV-Sevilla (R2);PSV;Sevila;Orjan;1.92;-0.09
Abajo;Low centre;0.06;0;PSV-Sevilla (R2);PSV;Sevila;Orjan;1.92;-0.06
Abajo;Low centre;0.02;0;PSV-Sevilla (R2);PSV;Sevila;Orjan;1.92;-0.02
Arriba;High left;0.79;1;PSV-Sevilla (R2);Sevilla;PSV;Walter B;1.91;0.21
Abajo;Low left;0.68;1;PSV-Sevilla (R2);Sevilla;PSV;Walter B;1.91;0.32
Abajo;Low right;0.94;1;Inter-Benfica (R2);Inter;Benfica;Anatolii T;2;0.06
Abajo;Low left;0.89;0;Inter-Benfica (R2);Inter;Benfica;Anatolii T;2;-0.89
Abajo;Low centre;0.79;0;Inter-Benfica (R2);Inter;Benfica;Anatolii T;2;-0.79
Abajo;Low centre;0.34;0;Inter-Benfica (R2);Inter;Benfica;Anatolii T;2;-0.34
Abajo;Low right;0.15;0;Inter-Benfica (R2);Inter;Benfica;Anatolii T;2;-0.15
Abajo;Low left;0.13;0;Inter-Benfica (R2);Inter;Benfica;Anatolii T;2;-0.13
Abajo;Low centre;0.09;0;Inter-Benfica (R2);Inter;Benfica;Anatolii T;2;-0.09
Abajo;Low right;0.17;0;Inter-Benfica (R2);Benfica;Inter;Yan S;1.83;-0.17
Abajo;Low right;0.13;0;Inter-Benfica (R2);Benfica;Inter;Yan S;1.83;-0.13
Arriba;High centre;0.05;0;Inter-Benfica (R2);Benfica;Inter;Yan S;1.83;-0.05
Abajo;Low left;0.4;1;Copenhagen-Bayer (R2);Copenhage;Bayer;Sven;1.92;0.6
Abajo;Low right;0.25;0;Copenhagen-Bayer (R2);Copenhage;Bayer;Sven;1.92;-0.25
Abajo;Low left;0.15;0;Copenhagen-Bayer (R2);Copenhage;Bayer;Sven;1.92;-0.15
Abajo;Low centre;0.02;0;Copenhagen-Bayer (R2);Copenhage;Bayer;Sven;1.92;-0.02
Abajo;Low right;0.51;1;Copenhagen-Bayer (R2);Bayer;Copenhage;Kamil G;1.95;0.49
Abajo;Low right;0.4;0;Copenhagen-Bayer (R2);Bayer;Copenhage;Kamil G;1.95;-0.4
Arriba;High centre;0.33;1;Copenhagen-Bayer (R2);Bayer;Copenhage;Kamil G;1.95;0.67
Abajo;Low right;0.27;0;Copenhagen-Bayer (R2);Bayer;Copenhage;Kamil G;1.95;-0.27
Abajo;Low centre;0.05;0;Copenhagen-Bayer (R2);Bayer;Copenhage;Kamil G;1.95;-0.05
Abajo;Low left;0.97;1;Napli-RM (R2);Napoli;RM;Kepa;1.89;0.03
Arriba;High left;0.24;1;Napli-RM (R2);Napoli;RM;Kepa;1.89;0.76
Abajo;Low centre;0.21;0;Napli-RM (R2);Napoli;RM;Kepa;1.89;-0.21
Abajo;Low right;0.14;0;Napli-RM (R2);Napoli;RM;Kepa;1.89;-0.14
Abajo;Low right;0.14;0;Napli-RM (R2);Napoli;RM;Kepa;1.89;-0.14
Abajo;Low left;0.07;0;Napli-RM (R2);Napoli;RM;Kepa;1.89;-0.07
Abajo;Low centre;0.02;0;Napli-RM (R2);Napoli;RM;Kepa;1.89;-0.02
Abajo;Low right;0.87;1;Napli-RM (R2);RM;Napoli;Alex M;1.85;0.13
Abajo;Low right;0.49;1;Napli-RM (R2);RM;Napoli;Alex M;1.85;0.51
Arriba;High right;0.41;0;Napli-RM (R2);RM;Napoli;Alex M;1.85;-0.41
Arriba;High centre;0.12;0;Napli-RM (R2);RM;Napoli;Alex M;1.85;-0.12
Arriba;High centre;0.1;0;Napli-RM (R2);RM;Napoli;Alex M;1.85;-0.1
Abajo;Low left;0.67;1;Lens-Arsenal (R2);Lens;Arsenal;David raya;1.86;0.33
Abajo;Low right;0.47;1;Lens-Arsenal (R2);Lens;Arsenal;David raya;1.86;0.53
Abajo;Low centre;0.04;0;Lens-Arsenal (R2);Lens;Arsenal;David raya;1.86;-0.04
Abajo;Low centre;0.65;0;Lens-Arsenal (R2);Arsenal;Lens;Brice S;1.86;-0.65
Abajo;Low left;0.43;1;Lens-Arsenal (R2);Arsenal;Lens;Brice S;1.86;0.57
Abajo;Low centre;0.22;0;Lens-Arsenal (R2);Arsenal;Lens;Brice S;1.86;-0.22
Abajo;Low centre;0.11;0;Lens-Arsenal (R2);Arsenal;Lens;Brice S;1.86;-0.11
Abajo;Low right;0.07;0;Lens-Arsenal (R2);Arsenal;Lens;Brice S;1.86;-0.07
Abajo;Low centre;0.03;0;Lens-Arsenal (R2);Arsenal;Lens;Brice S;1.86;-0.03
Abajo;Low left;0.86;1;AtM-Feyernord (R2);AtM;Feyemoord;Timon W;1.86;0.14
Arriba;High left;0.49;1;AtM-Feyernord (R2);AtM;Feyemoord;Timon W;1.86;0.51
Abajo;Low left;0.48;1;AtM-Feyernord (R2);AtM;Feyemoord;Timon W;1.86;0.52
Arriba;High left;0.99;1;AtM-Feyernord (R2);Feyemoord;AtM;Oblack;1.86;0.01
Abajo;Low left;0.58;0;AtM-Feyernord (R2);Feyemoord;AtM;Oblack;1.86;-0.58
Abajo;Low centre;0.55;0;AtM-Feyernord (R2);Feyemoord;AtM;Oblack;1.86;-0.55
Abajo;Low centre;0.52;0;AtM-Feyernord (R2);Feyemoord;AtM;Oblack;1.86;-0.52
Abajo;Low centre;0.33;0;AtM-Feyernord (R2);Feyemoord;AtM;Oblack;1.86;-0.33
Abajo;Low left;0.17;0;AtM-Feyernord (R2);Feyemoord;AtM;Oblack;1.86;-0.17
Arriba;High centre;0.04;0;AtM-Feyernord (R2);Feyemoord;AtM;Oblack;1.86;-0.04
Abajo;Low right;0.58;1;Antwerp-Shakhtar (R2);Ant;Shakhart;Dmytro R;1.86;0.42
Abajo;Low left;0.53;1;Antwerp-Shakhtar (R2);Ant;Shakhart;Dmytro R;1.86;0.47
Abajo;Low right;0.25;0;Antwerp-Shakhtar (R2);Ant;Shakhart;Dmytro R;1.86;-0.25
Abajo;Low right;0.17;0;Antwerp-Shakhtar (R2);Ant;Shakhart;Dmytro R;1.86;-0.17
Abajo;Low right;0.11;0;Antwerp-Shakhtar (R2);Ant;Shakhart;Dmytro R;1.86;-0.11
Abajo;Low left;0.09;0;Antwerp-Shakhtar (R2);Ant;Shakhart;Dmytro R;1.86;-0.09
Abajo;Low left;0.98;1;Antwerp-Shakhtar (R2);Shakhart;Ant;Jean B;1.88;0.02
Abajo;Low left;0.88;1;Antwerp-Shakhtar (R2);Shakhart;Ant;Jean B;1.88;0.12
Arriba;High centre;0.41;0;Antwerp-Shakhtar (R2);Shakhart;Ant;Jean B;1.88;-0.41
Arriba;High left;0.15;0;Antwerp-Shakhtar (R2);Shakhart;Ant;Jean B;1.88;-0.15
Abajo;Low right;0.12;1;Antwerp-Shakhtar (R2);Shakhart;Ant;Jean B;1.88;0.88
Abajo;Low centre;0.04;0;Antwerp-Shakhtar (R2);Shakhart;Ant;Jean B;1.88;-0.04
Abajo;Low centre;0.54;1;Newcastle-PSG (R2);New;PSG;Gianluigi D;1.96;0.46
Abajo;Low left;0.45;1;Newcastle-PSG (R2);New;PSG;Gianluigi D;1.96;0.55
Arriba;High right;0.35;1;Newcastle-PSG (R2);New;PSG;Gianluigi D;1.96;0.65
Abajo;Low left;0.15;0;Newcastle-PSG (R2);New;PSG;Gianluigi D;1.96;-0.15
Arriba;High centre;0.14;0;Newcastle-PSG (R2);New;PSG;Gianluigi D;1.96;-0.14
Abajo;Low centre;0.03;0;Newcastle-PSG (R2);New;PSG;Gianluigi D;1.96;-0.03
Abajo;Low centre;0.03;1;Newcastle-PSG (R2);New;PSG;Gianluigi D;1.96;0.97
Abajo;Low centre;0.01;0;Newcastle-PSG (R2);New;PSG;Gianluigi D;1.96;-0.01
Abajo;Low right;0.92;1;Newcastle-PSG (R2);PSG;New;Nick P;1.9;0.08
Arriba;High centre;0.09;0;Newcastle-PSG (R2);PSG;New;Nick P;1.9;-0.09
Abajo;Low right;0.23;0;Porto-Barsa (R2);Porto;Barsa;Ter Stegen;1.89;-0.23
Abajo;Low left;0.2;0;Porto-Barsa (R2);Porto;Barsa;Ter Stegen;1.89;-0.2
Abajo;Low left;0.13;0;Porto-Barsa (R2);Porto;Barsa;Ter Stegen;1.89;-0.13
Abajo;Low left;0.07;0;Porto-Barsa (R2);Porto;Barsa;Ter Stegen;1.89;-0.07
Abajo;Low centre;0.03;0;Porto-Barsa (R2);Porto;Barsa;Ter Stegen;1.89;-0.03
Abajo;Low left;0.78;1;Porto-Barsa (R2);Barsa;Porto;Diogo Costa;1.86;0.22
Arriba;High centre;0.07;0;Porto-Barsa (R2);Barsa;Porto;Diogo Costa;1.86;-0.07
Arriba;High centre;0.05;0;Porto-Barsa (R2);Barsa;Porto;Diogo Costa;1.86;-0.05
Abajo;Low centre;0.05;0;Porto-Barsa (R2);Barsa;Porto;Diogo Costa;1.86;-0.05
Abajo;Low left;0.94;0;Celtic-Lazio (R2);Celtic;Lazio;Ivan P;1.92;-0.94
Abajo;Low centre;0.48;1;Celtic-Lazio (R2);Celtic;Lazio;Ivan P;1.92;0.52
Abajo;Low right;0.27;0;Celtic-Lazio (R2);Celtic;Lazio;Ivan P;1.92;-0.27
Abajo;Low right;0.11;0;Celtic-Lazio (R2);Celtic;Lazio;Ivan P;1.92;-0.11
Abajo;Low left;0.93;1;Celtic-Lazio (R2);Lazio;Celtic;Joe H;1.96;0.07
Abajo;Low right;0.9;1;Celtic-Lazio (R2);Lazio;Celtic;Joe H;1.96;0.1
Abajo;Low left;0.12;0;Celtic-Lazio (R2);Lazio;Celtic;Joe H;1.96;-0.12
Abajo;Low left;0.96;1;Leipzeg-City (R2);Leipzeg;City;Ederson;1.88;0.04
Abajo;Low right;0.87;1;Leipzeg-City (R2);City;Leipzeg;Janis B;1.93;0.13
Arriba;High right;0.59;1;Leipzeg-City (R2);City;Leipzeg;Janis B;1.93;0.41
Arriba;High right;0.58;1;Leipzeg-City (R2);City;Leipzeg;Janis B;1.93;0.42
Abajo;Low left;0.31;0;Leipzeg-City (R2);City;Leipzeg;Janis B;1.93;-0.31
Abajo;Low centre;0.02;0;Leipzeg-City (R2);City;Leipzeg;Janis B;1.93;-0.02
Abajo;Low left;0.87;0;Red-YB (R2);Red;YB;Anthony R;1.86;-0.87
Abajo;Low centre;0.84;1;Red-YB (R2);Red;YB;Anthony R;1.86;0.16
Abajo;Low left;0.63;0;Red-YB (R2);Red;YB;Anthony R;1.86;-0.63
Arriba;High right;0.3;0;Red-YB (R2);Red;YB;Anthony R;1.86;-0.3
Arriba;High right;0.16;1;Red-YB (R2);Red;YB;Anthony R;1.86;0.84
Abajo;Low right;0.15;0;Red-YB (R2);Red;YB;Anthony R;1.86;-0.15
Abajo;Low right;0.08;0;Red-YB (R2);Red;YB;Anthony R;1.86;-0.08
Abajo;Low centre;0.05;0;Red-YB (R2);Red;YB;Anthony R;1.86;-0.05
Abajo;Low centre;0.03;0;Red-YB (R2);Red;YB;Anthony R;1.86;-0.03
Abajo;Low centre;0.91;1;Red-YB (R2);YB;Red;Omri;1.9;0.09
Abajo;Low centre;0.76;1;Red-YB (R2);YB;Red;Omri;1.9;0.24
Abajo;Low left;0.32;0;Red-YB (R2);YB;Red;Omri;1.9;-0.32
Abajo;Low right;0.28;0;Red-YB (R2);YB;Red;Omri;1.9;-0.28
Abajo;Low right;0.2;0;Red-YB (R2);YB;Red;Omri;1.9;-0.2
Abajo;Low centre;0.1;0;Red-YB (R2);YB;Red;Omri;1.9;-0.1
Abajo;Low left;0.99;1;Inter-Salzburg (R3);Inter;Salzburg;Alexander S;1.84;0.01
Abajo;Low right;0.9;1;Inter-Salzburg (R3);Inter;Salzburg;Alexander S;2.84;0.1
Arriba;High centre;0.04;0;Inter-Salzburg (R3);Inter;Salzburg;Alexander S;3.84;-0.04
Arriba;High right;0.55;1;Inter-Salzburg (R3);Salzburg;Inter;Yan S;1.83;0.45
Arriba;High centre;0.04;0;Inter-Salzburg (R3);Salzburg;Inter;Yan S;1.83;-0.04
Abajo;Low centre;0.03;0;Inter-Salzburg (R3);Salzburg;Inter;Yan S;1.83;-0.03
Arriba;High centre;0.03;0;Inter-Salzburg (R3);Salzburg;Inter;Yan S;1.83;-0.03
Arriba;High centre;0.02;0;Inter-Salzburg (R3);Salzburg;Inter;Yan S;1.83;-0.02
Arriba;High centre;0.02;0;Inter-Salzburg (R3);Salzburg;Inter;Yan S;1.83;-0.02
Arriba;High centre;0.88;1;Galatasaray-Bayer (3);Gala;Bayer;Sven;1.92;0.12
Abajo;Low left;0.61;0;Galatasaray-Bayer (3);Gala;Bayer;Sven;1.92;-0.61
Abajo;Low left;0.42;0;Galatasaray-Bayer (3);Gala;Bayer;Sven;1.92;-0.42
Abajo;Low left;0.2;0;Galatasaray-Bayer (3);Gala;Bayer;Sven;1.92;-0.2
Abajo;Low left;0.89;1;Galatasaray-Bayer (3);Bayer;Gala;Fernando M;1.91;0.11
Abajo;Low centre;0.86;1;Galatasaray-Bayer (3);Bayer;Gala;Fernando M;1.91;0.14
Abajo;Low left;0.44;0;Galatasaray-Bayer (3);Bayer;Gala;Fernando M;1.91;-0.44
Abajo;Low right;0.4;0;Galatasaray-Bayer (3);Bayer;Gala;Fernando M;1.91;-0.4
Abajo;Low centre;0.09;1;Galatasaray-Bayer (3);Bayer;Gala;Fernando M;1.91;0.91
Abajo;Low centre;0.06;0;Galatasaray-Bayer (3);Bayer;Gala;Fernando M;1.91;-0.06
Abajo;Low left;0.49;1;United-Copenhagen (R3);United;Copenhage;Kamil G;1.95;0.51
Abajo;Low centre;0.36;0;United-Copenhagen (R3);United;Copenhage;Kamil G;1.95;-0.36
Abajo;Low left;0.33;0;United-Copenhagen (R3);United;Copenhage;Kamil G;1.95;-0.33
Abajo;Low left;0.24;0;United-Copenhagen (R3);United;Copenhage;Kamil G;1.95;-0.24
Abajo;Low centre;0.06;0;United-Copenhagen (R3);United;Copenhage;Kamil G;1.95;-0.06
Abajo;Low right;0.97;0;United-Copenhagen (R3);Copenhage;United;Andre O;1.85;-0.97
Abajo;Low left;0.25;0;United-Copenhagen (R3);Copenhage;United;Andre O;1.85;-0.25
Arriba;High right;0.24;0;United-Copenhagen (R3);Copenhage;United;Andre O;1.85;-0.24
Abajo;Low left;0.23;0;United-Copenhagen (R3);Copenhage;United;Andre O;1.85;-0.23
Abajo;Low left;0.38;0;Benfica-RS (R3);Benfica;RS;Alex Remiro;1.92;-0.38
Abajo;Low centre;0.05;0;Benfica-RS (R3);Benfica;RS;Alex Remiro;1.92;-0.05
Abajo;Low centre;0.03;0;Benfica-RS (R3);Benfica;RS;Alex Remiro;1.92;-0.03
Abajo;Low left;0.93;1;Benfica-RS (R3);RS;Benfica;Anatolii T;2;0.07
Abajo;Low left;0.19;0;Benfica-RS (R3);RS;Benfica;Anatolii T;2;-0.19
Arriba;High right;0.71;1;Braga-RM (R3);Braga;RM;Kepa;1.89;0.29
Abajo;Low right;0.26;0;Braga-RM (R3);Braga;RM;Kepa;1.89;-0.26
Abajo;Low centre;0.03;0;Braga-RM (R3);Braga;RM;Kepa;1.89;-0.03
Arriba;High left;0.87;1;Braga-RM (R3);RM;Braga;Matheus;1.87;0.13
Abajo;Low right;0.45;1;Braga-RM (R3);RM;Braga;Matheus;1.87;0.55
Arriba;High right;0.31;0;Braga-RM (R3);RM;Braga;Matheus;1.87;-0.31
Abajo;Low right;0.31;0;Braga-RM (R3);RM;Braga;Matheus;1.87;-0.31
Arriba;High centre;0.12;0;Braga-RM (R3);RM;Braga;Matheus;1.87;-0.12
Arriba;High centre;0.07;0;Braga-RM (R3);RM;Braga;Matheus;1.87;-0.07
Abajo;Low right;0.68;1;Sevilla-Arsenal (R3);Sevilla;Arsenal;David raya;1.86;0.32
Abajo;Low right;0.33;0;Sevilla-Arsenal (R3);Sevilla;Arsenal;David raya;1.86;-0.33
Abajo;Low right;0.98;1;Sevilla-Arsenal (R3);Arsenal;Sevilla;Orjan;1.92;0.02
Arriba;High right;0.44;1;Sevilla-Arsenal (R3);Arsenal;Sevilla;Orjan;1.92;0.56
Abajo;Low centre;0.23;0;Sevilla-Arsenal (R3);Arsenal;Sevilla;Orjan;1.92;-0.23
Arriba;High centre;0.12;0;Sevilla-Arsenal (R3);Arsenal;Sevilla;Orjan;1.92;-0.12
Abajo;Low left;0.33;0;Lens-PSV (R3);Lens;PSV;Walter B;1.91;-0.33
Abajo;Low right;0.19;1;Lens-PSV (R3);Lens;PSV;Walter B;1.91;0.81
Abajo;Low left;0.45;1;Lens-PSV (R3);PSV;Lens;Brice S;1.86;0.55
Abajo;Low centre;0.04;0;Lens-PSV (R3);PSV;Lens;Brice S;1.87;-0.04
Abajo;Low right;0.2;0;Union-Napoli (R3(;Union;Napoli;Alex M;1.85;-0.2
Abajo;Low right;0.14;0;Union-Napoli (R3(;Union;Napoli;Alex M;1.85;-0.14
Abajo;Low left;0.31;1;Union-Napoli (R3(;Napoli;Union;Fredeik R;1.88;0.69
Abajo;Low centre;0.7;0;Barsa-Shakhar (R3);Barsa;Shakhart;Dmytro R;1.86;-0.7
Abajo;Low left;0.55;1;Barsa-Shakhar (R3);Barsa;Shakhart;Dmytro R;1.86;0.45
Arriba;High right;0.31;1;Barsa-Shakhar (R3);Barsa;Shakhart;Dmytro R;1.86;0.69
Abajo;Low right;0.11;0;Barsa-Shakhar (R3);Barsa;Shakhart;Dmytro R;1.86;-0.11
Abajo;Low centre;0.09;0;Barsa-Shakhar (R3);Barsa;Shakhart;Dmytro R;1.86;-0.09
Abajo;Low centre;0.08;0;Barsa-Shakhar (R3);Barsa;Shakhart;Dmytro R;1.86;-0.08
Abajo;Low left;0.69;1;Barsa-Shakhar (R3);Shakhart;Barsa;Dmytro R;1.89;0.31
Abajo;Low right;0.99;1;Feyernoord-Lazio (R3);Feyemoord;Lazio;Ivan P;1.92;0.01
Abajo;Low centre;0.53;0;Feyernoord-Lazio (R3);Feyemoord;Lazio;Ivan P;1.92;-0.53
Arriba;High left;0.44;1;Feyernoord-Lazio (R3);Feyemoord;Lazio;Ivan P;1.92;0.56
Abajo;Low left;0.32;1;Feyernoord-Lazio (R3);Feyemoord;Lazio;Ivan P;1.92;0.68
Abajo;Low left;0.11;0;Feyernoord-Lazio (R3);Feyemoord;Lazio;Ivan P;1.92;-0.11
Abajo;Low left;0.99;1;Feyernoord-Lazio (R3);Lazio;Feyemoord;Justin B;1.88;0.01
Abajo;Low right;0.69;0;Feyernoord-Lazio (R3);Lazio;Feyemoord;Justin B;1.88;-0.69
Abajo;Low centre;0.04;0;Feyernoord-Lazio (R3);Lazio;Feyemoord;Justin B;1.88;-0.04
Abajo;Low centre;0.02;0;Feyernoord-Lazio (R3);Lazio;Feyemoord;Justin B;1.88;-0.02
Abajo;Low left;0.98;1;Celtic-AtM (R3);Celtic;AtM;Oblack;1.86;0.02
Abajo;Low left;0.2;1;Celtic-AtM (R3);Celtic;AtM;Oblack;1.86;0.8
Arriba;High right;0.16;0;Celtic-AtM (R3);Celtic;AtM;Oblack;1.86;-0.16
Abajo;Low right;1;0;Celtic-AtM (R3);AtM;Celtic;Joe H;1.96;-1
Abajo;Low left;0.94;1;Celtic-AtM (R3);AtM;Celtic;Joe H;1.96;0.06
Arriba;High right;0.85;1;Celtic-AtM (R3);AtM;Celtic;Joe H;1.96;0.15
Arriba;High right;0.21;0;Celtic-AtM (R3);AtM;Celtic;Joe H;1.96;-0.21
Abajo;Low centre;0.09;0;Celtic-AtM (R3);AtM;Celtic;Joe H;1.96;-0.09
Arriba;High right;0.09;0;Celtic-AtM (R3);AtM;Celtic;Joe H;1.96;-0.09
Abajo;Low centre;0.51;0;Newcastle-Dormoon (R3);Newcastle;Dormund;Gregor K;1.94;-0.51
Abajo;Low centre;0.45;0;Newcastle-Dormoon (R3);Newcastle;Dormund;Gregor K;1.94;-0.45
Abajo;Low centre;0.02;0;Newcastle-Dormoon (R3);Newcastle;Dormund;Gregor K;1.94;-0.02
Abajo;Low centre;0.76;0;Newcastle-Dormoon (R3);Dormund;Newcastle;Nick P;1.9;-0.76
Abajo;Low right;0.37;1;Newcastle-Dormoon (R3);Dormund;Newcastle;Nick P;1.9;0.63
Abajo;Low left;0.34;0;Newcastle-Dormoon (R3);Dormund;Newcastle;Nick P;1.9;-0.34
Abajo;Low left;0.14;0;Newcastle-Dormoon (R3);Dormund;Newcastle;Nick P;1.9;-0.14
Abajo;Low centre;0.08;0;Newcastle-Dormoon (R3);Dormund;Newcastle;Nick P;1.9;-0.08
Abajo;Low right;0.24;1;Antwerp-Porto (R3);Ant;Porto;Diogo Costa;1.86;0.76
Arriba;High centre;0.05;0;Antwerp-Porto (R3);Ant;Porto;Diogo Costa;1.86;-0.05
Arriba;High left;0.55;0;Antwerp-Porto (R3);Porto;Ant;Jean B;1.88;-0.55
Abajo;Low right;0.4;1;Antwerp-Porto (R3);Porto;Ant;Jean B;1.88;0.6
Abajo;Low left;0.33;1;Antwerp-Porto (R3);Porto;Ant;Jean B;1.88;0.67
Abajo;Low left;0.3;1;Antwerp-Porto (R3);Porto;Ant;Jean B;1.88;0.7
Abajo;Low right;0.23;1;Antwerp-Porto (R3);Porto;Ant;Jean B;1.88;0.77
Abajo;Low centre;0.21;0;Antwerp-Porto (R3);Porto;Ant;Jean B;1.88;-0.21
Abajo;Low centre;0.14;0;Antwerp-Porto (R3);Porto;Ant;Jean B;1.88;-0.14
Arriba;High left;0.94;1;YB-City (R3);YB;City;Ederson;1.88;0.06
Arriba;High right;0.22;0;YB-City (R3);YB;City;Ederson;1.88;-0.22
Abajo;Low right;0.18;0;YB-City (R3);YB;City;Ederson;1.88;-0.18
Abajo;Low right;0.14;0;YB-City (R3);YB;City;Ederson;1.88;-0.14
Abajo;Low centre;0.94;1;YB-City (R3);City;YB;Anthony R;1.86;0.06
Abajo;Low centre;0.8;1;YB-City (R3);City;YB;Anthony R;1.86;0.2
Arriba;High centre;0.57;0;YB-City (R3);City;YB;Anthony R;1.86;-0.57
Arriba;High right;0.57;0;YB-City (R3);City;YB;Anthony R;1.86;-0.57
Abajo;Low centre;0.52;0;YB-City (R3);City;YB;Anthony R;1.86;-0.52
Abajo;Low centre;0.4;0;YB-City (R3);City;YB;Anthony R;1.86;-0.4
Arriba;High right;0.34;0;YB-City (R3);City;YB;Anthony R;1.86;-0.34
Arriba;High right;0.32;1;YB-City (R3);City;YB;Anthony R;1.86;0.68
Arriba;High left;0.2;0;YB-City (R3);City;YB;Anthony R;1.86;-0.2
Abajo;Low right;0.13;0;YB-City (R3);City;YB;Anthony R;1.86;-0.13
Abajo;Low left;0.1;0;YB-City (R3);City;YB;Anthony R;1.86;-0.1
Abajo;Low centre;0.04;0;YB-City (R3);City;YB;Anthony R;1.86;-0.04
Arriba;High centre;0.03;0;YB-City (R3);City;YB;Anthony R;1.86;-0.03
Abajo;Low right;0.72;0;PSG-Milan (R3);PSG;Milan;Mike M;1.87;-0.72
Abajo;Low centre;0.68;1;PSG-Milan (R3);PSG;Milan;Mike M;1.87;0.32
Abajo;Low right;0.55;1;PSG-Milan (R3);PSG;Milan;Mike M;1.87;0.45
Abajo;Low left;0.18;1;PSG-Milan (R3);PSG;Milan;Mike M;1.87;0.82
Abajo;Low left;0.1;0;PSG-Milan (R3);PSG;Milan;Mike M;1.87;-0.1
Abajo;Low centre;0.08;0;PSG-Milan (R3);PSG;Milan;Mike M;1.87;-0.08
Abajo;Low centre;0.04;0;PSG-Milan (R3);PSG;Milan;Mike M;1.87;-0.04
Arriba;High right;0.54;0;PSG-Milan (R3);Milan;PSG;Gianluigi D;1.96;-0.54
Abajo;Low left;0.33;0;PSG-Milan (R3);Milan;PSG;Gianluigi D;1.96;-0.33
Abajo;Low right;0.14;0;PSG-Milan (R3);Milan;PSG;Gianluigi D;1.96;-0.14
Abajo;Low centre;0.07;0;PSG-Milan (R3);Milan;PSG;Gianluigi D;1.96;-0.07
Abajo;Low right;0.97;1;Leipzeg-Red (R3);Leipzeg;Red;Omri;1.9;0.03
Abajo;Low left;0.55;1;Leipzeg-Red (R3);Leipzeg;Red;Omri;1.9;0.45
Arriba;High right;0.49;1;Leipzeg-Red (R3);Leipzeg;Red;Omri;1.9;0.51
Abajo;Low left;0.43;0;Leipzeg-Red (R3);Leipzeg;Red;Omri;1.9;-0.43
Abajo;Low right;0.33;0;Leipzeg-Red (R3);Leipzeg;Red;Omri;1.9;-0.33
Abajo;Low right;0.3;0;Leipzeg-Red (R3);Leipzeg;Red;Omri;1.9;-0.3
Arriba;High right;0.3;0;Leipzeg-Red (R3);Leipzeg;Red;Omri;1.9;-0.3
Abajo;Low right;0.22;0;Leipzeg-Red (R3);Leipzeg;Red;Omri;1.9;-0.22
Abajo;Low right;0.2;0;Leipzeg-Red (R3);Leipzeg;Red;Omri;1.9;-0.2
Abajo;Low left;0.14;0;Leipzeg-Red (R3);Leipzeg;Red;Omri;1.9;-0.14
Abajo;Low right;0.91;1;Leipzeg-Red (R3);Red;Leipzeg;Janis B;1.93;0.09
Abajo;Low left;0.54;0;Leipzeg-Red (R3);Red;Leipzeg;Janis B;1.93;-0.54
Abajo;Low centre;0.17;0;Leipzeg-Red (R3);Red;Leipzeg;Janis B;1.93;-0.17
Arriba;High centre;0.03;0;Leipzeg-Red (R3);Red;Leipzeg;Janis B;1.93;-0.03
Arriba;High centre;0.88;1;Dormund-Newcastle (R4);Dormund;Newcastle;Nick P;1.9;0.12
Abajo;Low right;0.67;1;Dormund-Newcastle (R4);Dormund;Newcastle;Nick P;1.9;0.33
Abajo;Low left;0.32;0;Dormund-Newcastle (R4);Dormund;Newcastle;Nick P;1.9;-0.32
Abajo;Low right;0.29;0;Dormund-Newcastle (R4);Dormund;Newcastle;Nick P;1.9;-0.29
Abajo;Low centre;0.06;0;Dormund-Newcastle (R4);Dormund;Newcastle;Nick P;1.9;-0.06
Abajo;Low centre;0.05;0;Dormund-Newcastle (R4);Dormund;Newcastle;Nick P;1.9;-0.05
Abajo;Low centre;0.03;0;Dormund-Newcastle (R4);Dormund;Newcastle;Nick P;1.9;-0.03
Abajo;Low centre;0.01;0;Dormund-Newcastle (R4);Dormund;Newcastle;Nick P;1.9;-0.01
Arriba;High left;0.28;0;Dormund-Newcastle (R4);Newcastle;Dormund;Gregor K;1.94;-0.28
Arriba;High left;0.14;0;Dormund-Newcastle (R4);Newcastle;Dormund;Gregor K;1.94;-0.14
Abajo;Low left;0.12;0;Dormund-Newcastle (R4);Newcastle;Dormund;Gregor K;1.94;-0.12
Abajo;Low centre;0.03;0;Dormund-Newcastle (R4);Newcastle;Dormund;Gregor K;1.94;-0.03
Abajo;Low centre;0.02;0;Dormund-Newcastle (R4);Newcastle;Dormund;Gregor K;1.94;-0.02
Abajo;Low left;0.6;0;Shakhtar-Barsa (R4);Shakhart;Barsa;Ter Stegen;1.89;-0.6
Arriba;High right;0.52;1;Shakhtar-Barsa (R4);Shakhart;Barsa;Ter Stegen;1.89;0.48
Abajo;Low centre;0.28;0;Shakhtar-Barsa (R4);Shakhart;Barsa;Ter Stegen;1.89;-0.28
Abajo;Low centre;0.13;0;Shakhtar-Barsa (R4);Shakhart;Barsa;Ter Stegen;1.89;-0.13
Arriba;High centre;0.23;0;Shakhtar-Barsa (R4);Barsa;Shakhart;Dmytro R;1.86;-0.23
Abajo;Low left;0.99;1;City-YB (R4);City;YB;Anthony R;1.86;0.01
Abajo;Low left;0.91;1;City-YB (R4);City;YB;Anthony R;1.86;0.09
Abajo;Low centre;0.61;0;City-YB (R4);City;YB;Anthony R;1.86;-0.61
Abajo;Low right;0.4;1;City-YB (R4);City;YB;Anthony R;1.86;0.6
Abajo;Low centre;0.31;0;City-YB (R4);City;YB;Anthony R;1.86;-0.31
Abajo;Low right;0.17;0;City-YB (R4);City;YB;Anthony R;1.86;-0.17
Abajo;Low centre;0.05;0;City-YB (R4);City;YB;Anthony R;1.86;-0.05
Arriba;High centre;0.02;0;City-YB (R4);City;YB;Anthony R;1.86;-0.02
Abajo;Low centre;0.02;0;City-YB (R4);City;YB;Anthony R;1.86;-0.02
Abajo;Low centre;0.79;1;Porto-Antwerp (R4);Porto;Ant;Senne L;1.93;0.21
Abajo;Low left;0.53;1;Porto-Antwerp (R4);Porto;Ant;Senne L;1.93;0.47
Abajo;Low left;0.28;0;Porto-Antwerp (R4);Porto;Ant;Senne L;1.93;-0.28
Abajo;Low centre;0.19;0;Porto-Antwerp (R4);Porto;Ant;Senne L;1.93;-0.19
Abajo;Low centre;0.12;0;Porto-Antwerp (R4);Porto;Ant;Senne L;1.93;-0.12
Abajo;Low centre;0.02;0;Porto-Antwerp (R4);Porto;Ant;Senne L;1.93;-0.02
Abajo;Low centre;0.04;0;Porto-Antwerp (R4);Ant;Porto;Diogo Costa;1.86;-0.04
Abajo;Low centre;0.91;0;Red-Leipzig (R4);Red;Leipzeg;Janis B;1.93;-0.91
Abajo;Low left;0.1;0;Red-Leipzig (R4);Red;Leipzeg;Janis B;1.93;-0.1
Abajo;Low centre;0.04;0;Red-Leipzig (R4);Red;Leipzeg;Janis B;1.93;-0.04
Abajo;Low left;0.84;0;Red-Leipzig (R4);Leipzeg;Red;Omri;1.9;-0.84
Abajo;Low right;0.4;1;Red-Leipzig (R4);Leipzeg;Red;Omri;1.9;0.6
Abajo;Low left;0.31;1;Red-Leipzig (R4);Leipzeg;Red;Omri;1.9;0.69
Abajo;Low left;0.12;0;Red-Leipzig (R4);Leipzeg;Red;Omri;1.9;-0.12
Abajo;Low right;0.66;0;Milan-PSG (R4);Mlan;PSG;Gianluigi D;1.96;-0.66
Abajo;Low centre;0.51;1;Milan-PSG (R4);Mlan;PSG;Gianluigi D;1.96;0.49
Abajo;Low left;0.36;0;Milan-PSG (R4);Mlan;PSG;Gianluigi D;1.96;-0.36
Arriba;High right;0.25;1;Milan-PSG (R4);Mlan;PSG;Gianluigi D;1.96;0.75
Abajo;Low right;0.22;0;Milan-PSG (R4);Mlan;PSG;Gianluigi D;1.96;-0.22
Abajo;Low left;0.08;0;Milan-PSG (R4);Mlan;PSG;Gianluigi D;1.96;-0.08
Abajo;Low centre;0.05;0;Milan-PSG (R4);Mlan;PSG;Gianluigi D;1.96;-0.05
Abajo;Low centre;0.02;0;Milan-PSG (R4);Mlan;PSG;Gianluigi D;1.96;-0.02
Abajo;Low left;0.8;1;Milan-PSG (R4);PSG;Mlan;Mike M;1.87;0.2
Abajo;Low right;0.37;0;Milan-PSG (R4);PSG;Mlan;Mike M;1.87;-0.37
Abajo;Low right;0.27;0;Milan-PSG (R4);PSG;Mlan;Mike M;1.87;-0.27
Abajo;Low left;0.15;0;Milan-PSG (R4);PSG;Mlan;Mike M;1.87;-0.15
Abajo;Low centre;0.03;0;Milan-PSG (R4);PSG;Mlan;Mike M;1.87;-0.03
Abajo;High centre;0.03;0;Milan-PSG (R4);PSG;Mlan;Mike M;1.87;-0.03
Abajo;High centre;0.94;1;AtM-Celtic (R4);AtM;Celtic;Joe H;1.96;0.06
Abajo;Low centre;0.9;1;AtM-Celtic (R4);AtM;Celtic;Joe H;1.96;0.1
Abajo;Low right;0.55;1;AtM-Celtic (R4);AtM;Celtic;Joe H;1.96;0.45
Abajo;Low right;0.49;0;AtM-Celtic (R4);AtM;Celtic;Joe H;1.96;-0.49
Arriba;High left;0.43;1;AtM-Celtic (R4);AtM;Celtic;Joe H;1.96;0.57
Abajo;Low right;0.42;1;AtM-Celtic (R4);AtM;Celtic;Joe H;1.96;0.58
Abajo;Low left;0.38;1;AtM-Celtic (R4);AtM;Celtic;Joe H;1.96;0.62
Abajo;Low right;0.1;0;AtM-Celtic (R4);AtM;Celtic;Joe H;1.96;-0.1
Arriba;High centre;0.06;0;AtM-Celtic (R4);AtM;Celtic;Joe H;1.96;-0.06
Abajo;Low centre;0.06;0;AtM-Celtic (R4);AtM;Celtic;Joe H;1.96;-0.06
Abajo;Low centre;0.05;0;AtM-Celtic (R4);AtM;Celtic;Joe H;1.96;-0.05
Arriba;High centre;0.04;0;AtM-Celtic (R4);AtM;Celtic;Joe H;1.96;-0.04
Abajo;Low centre;0.01;0;AtM-Celtic (R4);Celtic;AtM;Oblack;1.86;-0.01
Abajo;Low left;0.98;1;Lazio-Feyernond (R4);Lazio;Feyemoord;Justin B;1.88;0.02
Abajo;Low right;0.81;0;Lazio-Feyernond (R4);Feyemoord;Lazio;Ivan P;1.92;-0.81
Abajo;Low centre;0.07;0;Lazio-Feyernond (R4);Feyemoord;Lazio;Ivan P;1.92;-0.07
Abajo;Low centre;0.07;0;Lazio-Feyernond (R4);Feyemoord;Lazio;Ivan P;1.92;-0.07
Arriba;High centre;0.8;1;RS-Benfica (R4);RS;Benfica;Anatolii T;2;0.2
Abajo;Low centre;0.79;1;RS-Benfica (R4);RS;Benfica;Anatolii T;2;0.21
Abajo;Low left;0.77;0;RS-Benfica (R4);RS;Benfica;Anatolii T;2;-0.77
Arriba;High right;0.58;1;RS-Benfica (R4);RS;Benfica;Anatolii T;2;0.42
Arriba;High left;0.3;0;RS-Benfica (R4);RS;Benfica;Anatolii T;2;-0.3
Abajo;Low right;0.17;0;RS-Benfica (R4);RS;Benfica;Anatolii T;2;-0.17
Abajo;Low left;0.67;1;RS-Benfica (R4);Benfica;RS;Alex Remio;1.92;0.33
Abajo;Low right;0.44;0;RS-Benfica (R4);Benfica;RS;Alex Remio;1.92;-0.44
Arriba;High centre;0.11;0;RS-Benfica (R4);Benfica;RS;Alex Remio;1.92;-0.11
Arriba;High centre;0.05;0;RS-Benfica (R4);Benfica;RS;Alex Remio;1.92;-0.05
Abajo;Low right;0.59;0;Napoli-Union (R4);Napoli;Union;Fredeik R;1.88;-0.59
Arriba;High left;0.16;1;Napoli-Union (R4);Napoli;Union;Fredeik R;1.88;0.84
Abajo;Low left;0.08;0;Napoli-Union (R4);Napoli;Union;Fredeik R;1.88;-0.08
Abajo;Low centre;0.03;0;Napoli-Union (R4);Napoli;Union;Fredeik R;1.88;-0.03
Abajo;Low centre;0.03;0;Napoli-Union (R4);Napoli;Union;Fredeik R;1.88;-0.03
Abajo;Low centre;0.57;1;Napoli-Union (R4);Union;Napoli;Alex M;1.85;0.43
Abajo;Low right;0.36;0;Napoli-Union (R4);Union;Napoli;Alex M;1.85;-0.36
Arriba;High right;0.24;0;Napoli-Union (R4);Union;Napoli;Alex M;1.85;-0.24
Abajo;Low right;0.15;0;Napoli-Union (R4);Union;Napoli;Alex M;1.85;-0.15
Abajo;Low right;0.1;0;Napoli-Union (R4);Union;Napoli;Alex M;1.85;-0.1
Abajo;Low centre;0.02;0;Napoli-Union (R4);Union;Napoli;Alex M;1.85;-0.02
Abajo;Low left;0.83;1;Arsenal-Sevilla (R4);Arsenal;Sevilla;Marko D;1.94;0.17
Abajo;Low centre;0.56;1;Arsenal-Sevilla (R4);Arsenal;Sevilla;Marko D;1.94;0.44
Arriba;High centre;0.06;0;Arsenal-Sevilla (R4);Arsenal;Sevilla;Marko D;1.94;-0.06
Abajo;Low centre;0.06;0;Arsenal-Sevilla (R4);Sevilla;Arsenal;David raya;1.86;-0.06
Abajo;Low right;0.35;0;PSV-Lens (R4);PSV;Lens;Brice S;1.86;-0.35
Abajo;Low centre;0.27;1;PSV-Lens (R4);PSV;Lens;Brice S;1.86;0.73
Arriba;High right;0.09;0;PSV-Lens (R4);PSV;Lens;Brice S;1.86;-0.09
Abajo;Low centre;0.05;0;PSV-Lens (R4);PSV;Lens;Brice S;1.86;-0.05
Abajo;Low centre;0.02;0;PSV-Lens (R4);PSV;Lens;Brice S;1.86;-0.02
Abajo;Low centre;0.02;0;PSV-Lens (R4);PSV;Lens;Brice S;1.86;-0.02
Abajo;Low centre;0.02;0;PSV-Lens (R4);PSV;Lens;Brice S;1.86;-0.02
Arriba;High left;0.17;0;PSV-Lens (R4);Lens;PSV;Walter B;1.91;-0.17
Arriba;High centre;0.08;0;PSV-Lens (R4);Lens;PSV;Walter B;1.91;-0.08
Abajo;Low centre;0.05;0;PSV-Lens (R4);Lens;PSV;Walter B;1.91;-0.05
Arriba;High right;0.51;0;Salzburg-Inter (R4);Salzburg;Inter;Yan S;1.83;-0.51
Abajo;Low right;0.38;0;Salzburg-Inter (R4);Salzburg;Inter;Yan S;1.83;-0.38
Arriba;High centre;0.05;0;Salzburg-Inter (R4);Salzburg;Inter;Yan S;1.83;-0.05
Abajo;Low left;0.04;0;Salzburg-Inter (R4);Salzburg;Inter;Yan S;1.83;-0.04
Abajo;Low left;0.99;1;Salzburg-Inter (R4);Inter;Salzburg;Alexander S;1.84;0.01
Arriba;High right;0.15;0;Salzburg-Inter (R4);Inter;Salzburg;Alexander S;1.84;-0.15
Arriba;High centre;0.06;0;Salzburg-Inter (R4);Inter;Salzburg;Alexander S;1.84;-0.06
Arriba;High centre;0.06;0;Salzburg-Inter (R4);Inter;Salzburg;Alexander S;1.84;-0.06
Arriba;High centre;0.04;0;Salzburg-Inter (R4);Inter;Salzburg;Alexander S;1.84;-0.04
Abajo;Low centre;0.03;0;Salzburg-Inter (R4);Inter;Salzburg;Alexander S;1.84;-0.03
Abajo;Low left;0.99;1;Copenhagen-United (R4);Copenhage;United;Andre O;1.85;0.01
Abajo;Low right;0.97;1;Copenhagen-United (R4);Copenhage;United;Andre O;1.85;0.03
Abajo;Low left;0.33;0;Copenhagen-United (R4);Copenhage;United;Andre O;1.85;-0.33
Abajo;Low left;0.26;0;Copenhagen-United (R4);Copenhage;United;Andre O;1.85;-0.26
Arriba;High centre;0.22;0;Copenhagen-United (R4);Copenhage;United;Andre O;1.85;-0.22
Arriba;High right;0.11;1;Copenhagen-United (R4);Copenhage;United;Andre O;1.85;0.89
Abajo;Low centre;0.1;1;Copenhagen-United (R4);Copenhage;United;Andre O;1.85;0.9
Abajo;Low centre;0.03;0;Copenhagen-United (R4);Copenhage;United;Andre O;1.85;-0.03
Arriba;High left;0.98;1;Copenhagen-United (R4);United;Copenhage;Kamil G;1.95;0.02
Abajo;Low right;0.96;1;Copenhagen-United (R4);United;Copenhage;Kamil G;1.95;0.04
Abajo;Low centre;0.95;1;Copenhagen-United (R4);United;Copenhage;Kamil G;1.95;0.05
Abajo;Low centre;0.67;0;Copenhagen-United (R4);United;Copenhage;Kamil G;1.95;-0.67
Abajo;Low left;0.17;0;Copenhagen-United (R4);United;Copenhage;Kamil G;1.95;-0.17
Abajo;Low left;0.09;0;Copenhagen-United (R4);United;Copenhage;Kamil G;1.95;-0.09
Arriba;High centre;0.04;0;Copenhagen-United (R4);United;Copenhage;Kamil G;1.95;-0.04
Abajo;Low centre;0.01;0;Copenhagen-United (R4);United;Copenhage;Kamil G;1.95;-0.01
Abajo;Low right;0.87;1;Bayer-Gala (R4);Bayer;Gala;Fernando M;1.91;0.13
Abajo;Low left;0.84;1;Bayer-Gala (R4);Bayer;Gala;Fernando M;1.91;0.16
Abajo;Low centre;0.3;0;Bayer-Gala (R4);Bayer;Gala;Fernando M;1.91;-0.3
Arriba;High centre;0.04;0;Bayer-Gala (R4);Bayer;Gala;Fernando M;1.91;-0.04
Abajo;Low left;0.97;1;Bayer-Gala (R4);Gala;Bayer;Neuer;1.93;0.03
Abajo;Low centre;0.63;0;Bayer-Gala (R4);Gala;Bayer;Neuer;1.93;-0.63
Arriba;High left;0.95;1;RM-Braga (R4);RM;Braga;Matheus;1.87;0.05
Abajo;Low centre;0.67;1;RM-Braga (R4);RM;Braga;Matheus;1.87;0.33
Arriba;High centre;0.62;0;RM-Braga (R4);RM;Braga;Matheus;1.87;-0.62
Abajo;Low left;0.39;1;RM-Braga (R4);RM;Braga;Matheus;1.87;0.61
Arriba;High left;0.16;0;RM-Braga (R4);RM;Braga;Matheus;1.87;-0.16
Abajo;Low left;0.11;0;RM-Braga (R4);RM;Braga;Matheus;1.87;-0.11
Abajo;Low centre;0.05;0;RM-Braga (R4);RM;Braga;Matheus;1.87;-0.05
Abajo;Low left;0.99;0;RM-Braga (R4);Braga;RM;Lunin;1.91;-0.99
Arriba;High left;0.57;0;RM-Braga (R4);Braga;RM;Lunin;1.91;-0.57
Abajo;Low left;0.07;0;RM-Braga (R4);Braga;RM;Lunin;1.91;-0.07
Abajo;Low centre;0.07;0;RM-Braga (R4);Braga;RM;Lunin;1.91;-0.07
Abajo;Low right;0.98;1;Lazio-Celtic (R5);Lazio;Celtic;Joe H;1.96;0.02
Arriba;High right;0.97;1;Lazio-Celtic (R5);Lazio;Celtic;Joe H;1.96;0.03
Arriba;High centre;0.12;0;Lazio-Celtic (R5);Lazio;Celtic;Joe H;1.96;-0.12
Abajo;Low right;0.11;0;Lazio-Celtic (R5);Lazio;Celtic;Joe H;1.96;-0.11
Abajo;Low centre;0.04;0;Lazio-Celtic (R5);Lazio;Celtic;Joe H;1.96;-0.04
Abajo;Low left;0.36;0;Lazio-Celtic (R5);Celtic;Lazio;Ivan P;1.92;-0.36
Abajo;Low right;0.31;0;Lazio-Celtic (R5);Celtic;Lazio;Ivan P;1.92;-0.31
Arriba;High right;0.26;0;Lazio-Celtic (R5);Celtic;Lazio;Ivan P;1.92;-0.26
Abajo;Low left;0.08;0;Lazio-Celtic (R5);Celtic;Lazio;Ivan P;1.92;-0.08
Abajo;Low centre;0.52;0;Shakhtar-Antwerp (R5);Shakhart;Ant;Jean B;1.88;-0.52
Abajo;Low centre;0.15;1;Shakhtar-Antwerp (R5);Shakhart;Ant;Jean B;1.88;0.85
Arriba;High centre;0.11;0;Shakhtar-Antwerp (R5);Shakhart;Ant;Jean B;1.88;-0.11
Arriba;High centre;0.11;0;Shakhtar-Antwerp (R5);Shakhart;Ant;Jean B;1.88;-0.11
Abajo;Low centre;0.04;0;Shakhtar-Antwerp (R5);Shakhart;Ant;Jean B;1.88;-0.04
Arriba;High centre;0.84;0;Shakhtar-Antwerp (R5);Ant;Shakhart;Dmytro R;1.86;-0.84
Abajo;Low left;0.36;0;Shakhtar-Antwerp (R5);Ant;Shakhart;Dmytro R;1.86;-0.36
Arriba;High left;0.22;0;Shakhtar-Antwerp (R5);Ant;Shakhart;Dmytro R;1.86;-0.22
Abajo;Low left;0.21;0;Shakhtar-Antwerp (R5);Ant;Shakhart;Dmytro R;1.86;-0.21
Arriba;High centre;0.11;0;Shakhtar-Antwerp (R5);Ant;Shakhart;Dmytro R;1.86;-0.11
Arriba;High centre;0.07;0;Shakhtar-Antwerp (R5);Ant;Shakhart;Dmytro R;1.86;-0.07
Abajo;Low left;0.77;1;City-Leipzig (R5);City;Leipzeg;Janis B;1.93;0.23
Abajo;Low left;0.77;1;City-Leipzig (R5);City;Leipzeg;Janis B;1.93;0.23
Abajo;Low right;0.43;1;City-Leipzig (R5);City;Leipzeg;Janis B;1.93;0.57
Abajo;Low right;0.16;0;City-Leipzig (R5);City;Leipzeg;Janis B;1.93;-0.16
Abajo;Low left;0.16;0;City-Leipzig (R5);City;Leipzeg;Janis B;1.93;-0.16
Arriba;High centre;0.12;0;City-Leipzig (R5);City;Leipzeg;Janis B;1.93;-0.12
Abajo;Low left;0.85;1;City-Leipzig (R5);Leipzeg;City;Stegan O;1.86;0.15
Abajo;Low right;0.79;1;City-Leipzig (R5);Leipzeg;City;Stegan O;1.86;0.21
Arriba;High left;0.15;0;City-Leipzig (R5);Leipzeg;City;Stegan O;1.86;-0.15
Abajo;Low left;0.98;0;Milan-Dortmun (R5);Milan;Dormund;Gregor K;1.94;-0.98
Abajo;Low left;0.6;1;Milan-Dortmun (R5);Milan;Dormund;Gregor K;1.94;0.4
Abajo;Low right;0.2;0;Milan-Dortmun (R5);Milan;Dormund;Gregor K;1.94;-0.2
Abajo;Low left;0.19;0;Milan-Dortmun (R5);Milan;Dormund;Gregor K;1.94;-0.19
Abajo;Low left;0.99;1;Milan-Dortmun (R5);Dormund;Milan;Mike M;1.87;0.01
Abajo;Low left;0.21;1;Milan-Dortmun (R5);Dormund;Milan;Mike M;1.87;0.79
Abajo;Low left;0.08;1;Milan-Dortmun (R5);Dormund;Milan;Mike M;1.87;0.92
Abajo;Low centre;0.04;0;Milan-Dortmun (R5);Dormund;Milan;Mike M;1.87;-0.04
Arriba;High centre;0.95;1;PSG-Newcastle (R5);PSG;Newcastle;Nick P;1.9;0.05
Abajo;Low centre;0.8;0;PSG-Newcastle (R5);PSG;Newcastle;Nick P;1.9;-0.8
Abajo;Low centre;0.71;0;PSG-Newcastle (R5);PSG;Newcastle;Nick P;1.9;-0.71
Abajo;Low centre;0.5;0;PSG-Newcastle (R5);PSG;Newcastle;Nick P;1.9;-0.5
Abajo;Low left;0.47;0;PSG-Newcastle (R5);PSG;Newcastle;Nick P;1.9;-0.47
Abajo;Low right;0.11;0;PSG-Newcastle (R5);PSG;Newcastle;Nick P;1.9;-0.11
Abajo;Low centre;0.02;0;PSG-Newcastle (R5);PSG;PSG;Nick P;1.9;-0.02
Arriba;High left;0.95;1;PSG-Newcastle (R5);Newcastle;PSG;Gianluigi D;1.96;0.05
Abajo;Low left;0.14;0;PSG-Newcastle (R5);Newcastle;PSG;Gianluigi D;1.96;-0.14
Abajo;Low right;0.36;1;Feyernoord-AtM (R5);Feyemoord;AtM;Oblack;1.86;0.64
Arriba;High centre;0.21;0;Feyernoord-AtM (R5);Feyemoord;AtM;Oblack;1.86;-0.21
Arriba;High left;0.13;0;Feyernoord-AtM (R5);Feyemoord;AtM;Oblack;1.86;-0.13
Abajo;Low centre;0.06;0;Feyernoord-AtM (R5);Feyemoord;AtM;Oblack;1.86;-0.06
Abajo;Low left;0.84;0;Feyernoord-AtM (R5);AtM;Feyemoord;Justin B;1.88;-0.84
Arriba;High right;0.68;1;Feyernoord-AtM (R5);AtM;Feyemoord;Justin B;1.88;0.32
Abajo;Low left;0.13;0;Feyernoord-AtM (R5);AtM;Feyemoord;Justin B;1.88;-0.13
Abajo;Low centre;0.75;0;YB-Red (R5);YB;Red;Omri;1.9;-0.75
Abajo;Low left;0.21;1;YB-Red (R5);YB;Red;Omri;1.9;0.79
Arriba;High centre;0.08;0;YB-Red (R5);YB;Red;Omri;1.9;-0.08
Abajo;Low centre;0.04;0;YB-Red (R5);YB;Red;Omri;1.9;-0.04
Abajo;Low centre;0.04;0;YB-Red (R5);YB;Red;Omri;1.9;-0.04
Abajo;Low centre;0.03;0;YB-Red (R5);YB;Red;Omri;1.9;-0.03
Abajo;Low centre;0.31;0;YB-Red (R5);Red;YB;Anthony R;1.86;-0.31
Abajo;Low centre;0.09;0;YB-Red (R5);Red;YB;Anthony R;1.86;-0.09
Arriba;High centre;0.03;0;YB-Red (R5);Red;YB;Anthony R;1.86;-0.03
Abajo;Low right;0.57;1;Barsa-Porto (R5);Barsa;Porto;Diogo Costa;1.86;0.43
Abajo;Low right;0.2;0;Barsa-Porto (R5);Barsa;Porto;Diogo Costa;1.86;-0.2
Abajo;Low right;0.17;0;Barsa-Porto (R5);Barsa;Porto;Diogo Costa;1.86;-0.17
Abajo;Low right;0.12;1;Barsa-Porto (R5);Barsa;Porto;Diogo Costa;1.86;0.88
Abajo;Low right;0.11;0;Barsa-Porto (R5);Barsa;Porto;Diogo Costa;1.86;-0.11
Abajo;Low left;0.08;0;Barsa-Porto (R5);Barsa;Porto;Diogo Costa;1.86;-0.08
Abajo;Low centre;0.06;0;Barsa-Porto (R5);Barsa;Porto;Diogo Costa;1.86;-0.06
Abajo;Low left;0.9;1;Barsa-Porto (R5);Porto;Barsa;Iñaki P;1.84;0.1
Abajo;Low left;0.32;0;Barsa-Porto (R5);Porto;Barsa;Iñaki P;1.84;-0.32
Abajo;Low left;0.26;0;Barsa-Porto (R5);Porto;Barsa;Iñaki P;1.84;-0.26
Abajo;Low right;0.2;0;Barsa-Porto (R5);Porto;Barsa;Iñaki P;1.84;-0.2
Abajo;Low centre;0.03;0;Barsa-Porto (R5);Porto;Barsa;Iñaki P;1.84;-0.03
Abajo;Low left;0.9;1;Sevilla-PSV (R5);Sevilla;PSV;Walter B;1.91;0.1
Abajo;Low centre;0.43;1;Sevilla-PSV (R5);Sevilla;PSV;Walter B;1.91;0.57
Abajo;Low right;0.4;0;Sevilla-PSV (R5);Sevilla;PSV;Walter B;1.91;-0.4
Abajo;Low centre;0.06;0;Sevilla-PSV (R5);Sevilla;PSV;Walter B;1.91;-0.06
Arriba;High left;0.69;1;Sevilla-PSV (R5);PSV;Sevilla;Marko D;1.94;0.31
Arriba;High left;0.38;1;Sevilla-PSV (R5);PSV;Sevilla;Marko D;1.94;0.62
Abajo;Low left;0.27;0;Sevilla-PSV (R5);PSV;Sevilla;Marko D;1.94;-0.27
Abajo;Low centre;0.24;0;Sevilla-PSV (R5);PSV;Sevilla;Marko D;1.94;-0.24
Abajo;Low left;0.18;0;Sevilla-PSV (R5);PSV;Sevilla;Marko D;1.94;-0.18
Arriba;High left;0.13;0;Sevilla-PSV (R5);PSV;Sevilla;Marko D;1.94;-0.13
Abajo;Low right;0.07;0;Sevilla-PSV (R5);PSV;Sevilla;Marko D;1.94;-0.07
Abajo;Low left;0.98;1;Benfica-Inter (R5);Benfica;Inter;Emil A;1.9;0.02
Abajo;Low left;0.91;1;Benfica-Inter (R5);Benfica;Inter;Emil A;1.9;0.09
Abajo;Low left;0.22;1;Benfica-Inter (R5);Benfica;Inter;Emil A;1.9;0.78
Abajo;Low centre;0.08;0;Benfica-Inter (R5);Benfica;Inter;Emil A;1.9;-0.08
Abajo;Low centre;0.02;0;Benfica-Inter (R5);Benfica;Inter;Emil A;1.9;-0.02
Abajo;Low left;0.98;1;Benfica-Inter (R5);Inter;Benfica;Anatolii T;2;0.02
Abajo;Low left;0.87;1;Benfica-Inter (R5);Inter;Benfica;Anatolii T;2;0.13
Abajo;Low left;0.71;1;Benfica-Inter (R5);Inter;Benfica;Anatolii T;2;0.29
Abajo;Low left;0.38;0;Benfica-Inter (R5);Inter;Benfica;Anatolii T;2;-0.38
Abajo;Low left;0.19;0;Benfica-Inter (R5);Inter;Benfica;Anatolii T;2;-0.19
Arriba;High centre;0.07;0;Benfica-Inter (R5);Inter;Benfica;Anatolii T;2;-0.07
Abajo;Low left;0.06;0;Benfica-Inter (R5);Inter;Benfica;Anatolii T;2;-0.06
Abajo;Low left;0.02;0;Benfica-Inter (R5);Inter;Benfica;Anatolii T;2;-0.02
Arriba;High centre;0.3;1;Braga-Union (R5);Braga;Union;Fredeik R;1.88;0.7
Abajo;Low centre;0.14;1;Braga-Union (R5);Union;Braga;Matheus;1.87;0.86
Abajo;Low centre;0.02;0;Braga-Union (R5);Union;Braga;Matheus;1.87;-0.02
Abajo;Low right;0.99;1;Arsenal-Lens (R5);Arsenal;Lens;Brice S;1.86;0.01
Abajo;Low right;0.97;1;Arsenal-Lens (R5);Arsenal;Lens;Brice S;1.86;0.03
Abajo;Low centre;0.85;1;Arsenal-Lens (R5);Arsenal;Lens;Brice S;1.86;0.15
Abajo;Low right;0.8;1;Arsenal-Lens (R5);Arsenal;Lens;Brice S;1.86;0.2
Abajo;Low right;0.38;1;Arsenal-Lens (R5);Arsenal;Lens;Brice S;1.86;0.62
Abajo;Low left;0.18;1;Arsenal-Lens (R5);Arsenal;Lens;Brice S;1.86;0.82
Abajo;Low centre;0.08;0;Arsenal-Lens (R5);Arsenal;Lens;Brice S;1.86;-0.08
Arriba;High centre;0.03;0;Arsenal-Lens (R5);Arsenal;Lens;Brice S;1.86;-0.03
Abajo;Low left;0.06;0;Arsenal-Lens (R5);Lens;Arsenal;David raya;1.86;-0.06
Arriba;High centre;0.04;0;Arsenal-Lens (R5);Lens;Arsenal;David raya;1.86;-0.04
Abajo;Low centre;0.02;0;Arsenal-Lens (R5);Lens;Arsenal;David raya;1.86;-0.02
Abajo;Low right;0.31;0;Gala-United (R5);Gala;United;Andre O;1.85;-0.31
Abajo;Low right;0.3;0;Gala-United (R5);Gala;United;Andre O;1.85;-0.3
Arriba;High right;0.25;1;Gala-United (R5);Gala;United;Andre O;1.85;0.75
Abajo;Low right;0.12;0;Gala-United (R5);Gala;United;Andre O;1.85;-0.12
Abajo;Low centre;0.07;1;Gala-United (R5);Gala;United;Andre O;1.85;0.93
Abajo;Low centre;0.05;1;Gala-United (R5);Gala;United;Andre O;1.85;0.95
Abajo;Low centre;0.03;0;Gala-United (R5);Gala;United;Andre O;1.85;-0.03
Abajo;Low right;0.73;1;Gala-United (R5);United;Gala;Fernando M;1.91;0.27
Abajo;Low left;0.7;0;Gala-United (R5);United;Gala;Fernando M;1.91;-0.7
Arriba;High left;0.66;1;Gala-United (R5);United;Gala;Fernando M;1.91;0.34
Arriba;High left;0.22;1;Gala-United (R5);United;Gala;Fernando M;1.91;0.78
Arriba;High right;0.94;0;Bayer-Copenhagen (R5);Bayer;Copenhage;Kamil G;1.95;-0.94
Arriba;High centre;0.06;0;Bayer-Copenhagen (R5);Bayer;Copenhage;Kamil G;1.95;-0.06
Abajo;Low right;0.51;0;Bayer-Copenhagen (R5);Copenhage;Bayer;Neuer;1.93;-0.51
Abajo;Low left;0.22;0;Bayer-Copenhagen (R5);Copenhage;Bayer;Neuer;1.93;-0.22
Abajo;Low right;0.21;0;Bayer-Copenhagen (R5);Copenhage;Bayer;Neuer;1.93;-0.21
Abajo;Low right;0.94;1;RM-Napoli (R5);RM;Napoli;Alex M;1.85;0.06
Arriba;High right;0.6;1;RM-Napoli (R5);RM;Napoli;Alex M;1.85;0.4
Abajo;Low right;0.24;1;RM-Napoli (R5);RM;Napoli;Alex M;1.85;0.76
Abajo;Low centre;0.19;1;RM-Napoli (R5);RM;Napoli;Alex M;1.85;0.81
Abajo;Low centre;0.13;0;RM-Napoli (R5);RM;Napoli;Alex M;1.85;-0.13
Abajo;Low left;0.08;0;RM-Napoli (R5);RM;Napoli;Alex M;1.85;-0.08
Abajo;Low centre;0.05;0;RM-Napoli (R5);RM;Napoli;Alex M;1.85;-0.05
Abajo;Low centre;0.04;0;RM-Napoli (R5);RM;Napoli;Alex M;1.85;-0.04
Abajo;Low centre;0.03;0;RM-Napoli (R5);RM;Napoli;Alex M;1.85;-0.03
Abajo;Low centre;0.94;1;RM-Napoli (R5);Napoli;RM;Lunin;1.91;0.06
Arriba;High right;0.13;0;RM-Napoli (R5);Napoli;RM;Lunin;1.91;-0.13
Arriba;High centre;0.1;1;RM-Napoli (R5);Napoli;RM;Lunin;1.91;0.9
Arriba;High left;0.45;0;RS-Salzburg (R5);RS;Salzburg;Alexander S;1.84;-0.45
Abajo;Low left;0.33;0;RS-Salzburg (R5);RS;Salzburg;Alexander S;1.84;-0.33
Abajo;Low left;0.19;0;RS-Salzburg (R5);RS;Salzburg;Alexander S;1.84;-0.19
Abajo;Low centre;0.1;0;RS-Salzburg (R5);RS;Salzburg;Alexander S;1.84;-0.1
Abajo;Low right;0.09;0;RS-Salzburg (R5);RS;Salzburg;Alexander S;1.84;-0.09
Abajo;Low centre;0.04;0;RS-Salzburg (R5);RS;Salzburg;Alexander S;1.84;-0.04
Abajo;Low centre;0.03;0;RS-Salzburg (R5);RS;Salzburg;Alexander S;1.84;-0.03
Abajo;Low left;0.33;0;RS-Salzburg (R5);Salzburg;RS;Alex Remiro;1.92;-0.33
Abajo;Low right;0.97;1;Lens-Sevilla (R6);Lens;Sevilla;Marko D;1.94;0.03
Abajo;Low right;0.81;1;Lens-Sevilla (R6);Lens;Sevilla;Marko D;1.94;0.19
Arriba;High centre;0.95;1;Lens-Sevilla (R6);Sevilla;Lens;Brice S;1.86;0.05
Arriba;High left;0.23;0;Lens-Sevilla (R6);Sevilla;Lens;Brice S;1.86;-0.23
Abajo;Low left;0.08;0;Lens-Sevilla (R6);Sevilla;Lens;Brice S;1.86;-0.08
Abajo;Low centre;0.05;0;Lens-Sevilla (R6);Sevilla;Lens;Brice S;1.86;-0.05
Abajo;Low centre;0.49;0;PSV-Arsenal (R6);PSV;Arsenal;Aaron R;1.95;-0.49
Abajo;Low right;0.38;0;PSV-Arsenal (R6);PSV;Arsenal;Aaron R;1.95;-0.38
Abajo;Low left;0.27;0;PSV-Arsenal (R6);PSV;Arsenal;Aaron R;1.95;-0.27
Abajo;Low left;0.07;0;PSV-Arsenal (R6);PSV;Arsenal;Aaron R;1.95;-0.07
Abajo;Low centre;0.05;1;PSV-Arsenal (R6);PSV;Arsenal;Aaron R;1.95;0.95
Arriba;High left;0.56;0;PSV-Arsenal (R6);Arsenal;PSV;Walter B;1.91;-0.56
Abajo;Low right;0.51;1;PSV-Arsenal (R6);Arsenal;PSV;Walter B;1.91;0.49
Abajo;Low centre;0.02;0;PSV-Arsenal (R6);Arsenal;PSV;Walter B;1.91;-0.02
Arriba;High centre;0.03;0;United-Bayer (R6);United;Bayer;Neuer;1.93;-0.03
Abajo;Low left;0.9;1;United-Bayer (R6);Bayer;United;Andre O;1.85;0.1
Abajo;Low left;0.34;0;United-Bayer (R6);Bayer;United;Andre O;1.85;-0.34
Abajo;Low left;0.11;0;United-Bayer (R6);Bayer;United;Andre O;1.85;-0.11
Abajo;Low centre;0.89;1;Copenhagen-Gala (R6);Copenhage;Gala;Fernando M;1.91;0.11
Arriba;High left;0.17;0;Copenhagen-Gala (R6);Copenhage;Gala;Fernando M;1.91;-0.17
Abajo;Low centre;0.13;0;Copenhagen-Gala (R6);Copenhage;Gala;Fernando M;1.91;-0.13
Abajo;Low left;0.33;0;Copenhagen-Gala (R6);Gala;Copenhage;Kamil G;1.95;-0.33
Arriba;High right;0.16;0;Copenhagen-Gala (R6);Gala;Copenhage;Kamil G;1.95;-0.16
Arriba;High centre;0.1;0;Copenhagen-Gala (R6);Gala;Copenhage;Kamil G;1.95;-0.1
Abajo;Low centre;0.03;0;Copenhagen-Gala (R6);Gala;Copenhage;Kamil G;1.95;-0.03
Abajo;Low centre;0.06;0;Inter-RS (R6);Inter;RS;Alex Remiro;1.92;-0.06
Abajo;Low centre;0.02;0;Inter-RS (R6);Inter;RS;Alex Remiro;1.92;-0.02
Abajo;Low centre;0.68;0;Inter-RS (R6);RS;Inter;Yan S;1.83;-0.68
Abajo;Low right;0.37;0;Inter-RS (R6);RS;Inter;Yan S;1.83;-0.37
Abajo;Low right;0.35;1;Salzburg-Benfica (R6);Salzburg;Benfica;Anatolii T;2;0.65
Abajo;Low centre;0.32;0;Salzburg-Benfica (R6);Salzburg;Benfica;Anatolii T;2;-0.32
Abajo;Low right;0.13;0;Salzburg-Benfica (R6);Salzburg;Benfica;Anatolii T;2;-0.13
Abajo;Low centre;0.04;0;Salzburg-Benfica (R6);Salzburg;Benfica;Anatolii T;2;-0.04
Abajo;Low centre;0.02;0;Salzburg-Benfica (R6);Salzburg;Benfica;Anatolii T;2;-0.02
Abajo;Low centre;0.01;0;Salzburg-Benfica (R6);Salzburg;Benfica;Anatolii T;2;-0.01
Abajo;Low centre;0.76;1;Salzburg-Benfica (R6);Benfica;Salzburg;Alexander S;1.84;0.24
Abajo;Low centre;0.69;0;Salzburg-Benfica (R6);Benfica;Salzburg;Alexander S;1.84;-0.69
Abajo;Low left;0.59;1;Salzburg-Benfica (R6);Benfica;Salzburg;Alexander S;1.84;0.41
Abajo;Low right;0.49;0;Salzburg-Benfica (R6);Benfica;Salzburg;Alexander S;1.84;-0.49
Arriba;High left;0.31;0;Salzburg-Benfica (R6);Benfica;Salzburg;Alexander S;1.84;-0.31
Abajo;Low left;0.11;1;Salzburg-Benfica (R6);Benfica;Salzburg;Alexander S;1.84;0.89
Abajo;Low left;0.59;1;Union-RM(R6);Union;RM;Kepa;1.89;0.41
Arriba;High centre;0.47;0;Union-RM(R6);Union;RM;Kepa;1.89;-0.47
Abajo;Low left;0.32;1;Union-RM(R6);Union;RM;Kepa;1.89;0.68
Abajo;Low left;0.06;0;Union-RM(R6);Union;RM;Kepa;1.89;-0.06
Abajo;Low centre;0.03;0;Union-RM(R6);Union;RM;Kepa;1.89;-0.03
Arriba;High left;0.91;1;Union-RM(R6);RM;Union;Fredeik R;1.88;0.09
Abajo;Low right;0.86;0;Union-RM(R6);RM;Union;Fredeik R;1.88;-0.86
Abajo;Low centre;0.85;0;Union-RM(R6);RM;Union;Fredeik R;1.88;-0.85
Arriba;High centre;0.51;0;Union-RM(R6);RM;Union;Fredeik R;1.88;-0.51
Abajo;Low left;0.51;1;Union-RM(R6);RM;Union;Fredeik R;1.88;0.49
Abajo;Low left;0.43;1;Union-RM(R6);RM;Union;Fredeik R;1.88;0.57
Abajo;Low left;0.24;0;Union-RM(R6);RM;Union;Fredeik R;1.88;-0.24
Arriba;High right;0.13;0;Union-RM(R6);RM;Union;Fredeik R;1.88;-0.13
Abajo;Low left;0.08;0;Union-RM(R6);RM;Union;Fredeik R;1.88;-0.08
Abajo;Low left;0.96;1;Napli-Braga (R6);Napoli;Braga;Matheus;1.87;0.04
Abajo;Low left;0.39;0;Napli-Braga (R6);Napoli;Braga;Matheus;1.87;-0.39
Abajo;Low left;0.33;0;Napli-Braga (R6);Napoli;Braga;Matheus;1.87;-0.33
Abajo;Low centre;0.27;0;Napli-Braga (R6);Napoli;Braga;Matheus;1.87;-0.27
Abajo;Low centre;0.25;0;Napli-Braga (R6);Napoli;Braga;Matheus;1.87;-0.25
Arriba;High centre;0.1;0;Napli-Braga (R6);Napoli;Braga;Matheus;1.87;-0.1
Arriba;High left;0.14;0;Napli-Braga (R6);Braga;Napoli;Alex M;1.85;-0.14
Abajo;Low centre;0.05;0;Napli-Braga (R6);Braga;Napoli;Alex M;1.85;-0.05
Abajo;Low centre;0.04;0;Napli-Braga (R6);Braga;Napoli;Alex M;1.85;-0.04
Abajo;Low centre;0.03;0;Napli-Braga (R6);Braga;Napoli;Alex M;1.85;-0.03
Abajo;Low centre;0.01;0;Napli-Braga (R6);Braga;Napoli;Alex M;1.85;-0.01
Abajo;Low left;0.95;1;Leipzeg-YB (R6);Leipzeg;YB;David Von;1.92;0.05
Abajo;Low right;0.12;1;Leipzeg-YB (R6);Leipzeg;YB;David Von;1.92;0.88
Abajo;Low centre;0.71;1;Leipzeg-YB (R6);YB;Leipzeg;Peter G;1.91;0.29
Arriba;High centre;0.21;0;Leipzeg-YB (R6);YB;Leipzeg;Peter G;1.91;-0.21
Abajo;Low centre;0.03;0;Leipzeg-YB (R6);YB;Leipzeg;Peter G;1.91;-0.03
Abajo;Low right;0.48;1;Red-City (R6);Red;City;Stegan O;1.86;0.52
Abajo;Low left;0.45;1;Red-City (R6);Red;City;Stegan O;1.86;0.55
Arriba;High right;0.28;0;Red-City (R6);Red;City;Stegan O;1.86;-0.28
Arriba;High left;0.09;0;Red-City (R6);Red;City;Stegan O;1.86;-0.09
Abajo;Low centre;0.03;0;Red-City (R6);Red;City;Stegan O;1.86;-0.03
Abajo;Low centre;0.02;0;Red-City (R6);Red;City;Stegan O;1.86;-0.02
Abajo;Low left;0.99;1;Red-City (R6);City;Red;Omri;1.9;0.01
Abajo;Low left;0.72;1;Red-City (R6);City;Red;Omri;1.9;0.28
Arriba;High centre;0.11;1;Red-City (R6);City;Red;Omri;1.9;0.89
Arriba;High left;0.5;1;Newcastle-Milan (R6);Newcastle;Milan;Mike M;1.87;0.5
Arriba;High right;0.2;0;Newcastle-Milan (R6);Newcastle;Milan;Mike M;1.87;-0.2
Abajo;Low right;0.11;0;Newcastle-Milan (R6);Newcastle;Milan;Mike M;1.87;-0.11
Abajo;Low right;0.07;0;Newcastle-Milan (R6);Newcastle;Milan;Mike M;1.87;-0.07
Abajo;Low centre;0.04;0;Newcastle-Milan (R6);Newcastle;Milan;Mike M;1.87;-0.04
Abajo;Low centre;0.03;0;Newcastle-Milan (R6);Newcastle;Milan;Mike M;1.87;-0.03
Arriba;High left;0.86;1;Newcastle-Milan (R6);Milan;Newcastle;Martin D;1.9;0.14
Abajo;Low right;0.63;1;Newcastle-Milan (R6);Milan;Newcastle;Martin D;1.9;0.37
Abajo;Low left;0.97;1;Porto-Shakhtar (R6);Porto;Shakhart;Dmytro R;1.86;0.03
Abajo;Low left;0.43;0;Porto-Shakhtar (R6);Porto;Shakhart;Dmytro R;1.86;-0.43
Abajo;Low left;0.4;1;Porto-Shakhtar (R6);Porto;Shakhart;Dmytro R;1.86;0.6
Arriba;High left;0.13;1;Porto-Shakhtar (R6);Porto;Shakhart;Dmytro R;1.86;0.87
Abajo;Low left;0.12;1;Porto-Shakhtar (R6);Porto;Shakhart;Dmytro R;1.86;0.88
Abajo;Low right;0.11;0;Porto-Shakhtar (R6);Porto;Shakhart;Dmytro R;1.86;-0.11
Arriba;High centre;0.08;0;Porto-Shakhtar (R6);Porto;Shakhart;Dmytro R;1.86;-0.08
Abajo;Low centre;0.07;1;Porto-Shakhtar (R6);Porto;Shakhart;Dmytro R;1.86;0.93
Abajo;Low centre;0.03;0;Porto-Shakhtar (R6);Porto;Shakhart;Dmytro R;1.86;-0.03
Abajo;Low centre;0.96;1;Porto-Shakhtar (R6);Shakhart;Porto;Diogo Costa;1.86;0.04
Abajo;Low right;0.26;0;Porto-Shakhtar (R6);Shakhart;Porto;Diogo Costa;1.86;-0.26
Abajo;Low left;0.24;1;Porto-Shakhtar (R6);Shakhart;Porto;Diogo Costa;1.86;0.76
Arriba;High centre;0.12;0;Porto-Shakhtar (R6);Shakhart;Porto;Diogo Costa;1.86;-0.12
Abajo;Low centre;0.07;0;Porto-Shakhtar (R6);Shakhart;Porto;Diogo Costa;1.86;-0.07
Abajo;Low centre;0.03;0;Porto-Shakhtar (R6);Shakhart;Porto;Diogo Costa;1.86;-0.03
Abajo;Low right;0.94;1;Celtic-Feyernoord (R6);Celtic;Feyenoord;Justin B;1.88;0.06
Abajo;Low centre;0.93;1;Celtic-Feyernoord (R6);Celtic;Feyenoord;Justin B;1.88;0.07
Abajo;Low left;0.44;0;Celtic-Feyernoord (R6);Celtic;Feyenoord;Justin B;1.88;-0.44
Abajo;Low left;0.14;0;Celtic-Feyernoord (R6);Celtic;Feyenoord;Justin B;1.88;-0.14
Abajo;Low left;0.1;0;Celtic-Feyernoord (R6);Celtic;Feyenoord;Justin B;1.88;-0.1
Abajo;Low centre;0.05;0;Celtic-Feyernoord (R6);Celtic;Feyenoord;Justin B;1.88;-0.05
Abajo;Low centre;0.04;0;Celtic-Feyernoord (R6);Celtic;Feyenoord;Justin B;1.88;-0.04
Abajo;Low left;0.5;1;Celtic-Feyernoord (R6);Feyenoord;Celtic;Joe H;1.96;0.5
Abajo;Low centre;0.21;0;Celtic-Feyernoord (R6);Feyenoord;Celtic;Joe H;1.96;-0.21
Arriba;High right;0.12;0;Celtic-Feyernoord (R6);Feyenoord;Celtic;Joe H;1.96;-0.12
Abajo;Low left;0.1;0;Celtic-Feyernoord (R6);Feyenoord;Celtic;Joe H;1.96;-0.1
Abajo;Low centre;0.04;0;Celtic-Feyernoord (R6);Feyenoord;Celtic;Joe H;1.96;-0.04
Abajo;Low centre;0.03;0;Celtic-Feyernoord (R6);Feyenoord;Celtic;Joe H;1.96;-0.03
Abajo;Low centre;0.03;0;Celtic-Feyernoord (R6);Feyenoord;Celtic;Joe H;1.96;-0.03
Abajo;Low right;0.83;1;Antwerp-Barsa (R6);Ant;Barsa;Iñaki P;1.84;0.17
Abajo;Low left;0.62;1;Antwerp-Barsa (R6);Ant;Barsa;Iñaki P;1.84;0.38
Abajo;Low right;0.53;1;Antwerp-Barsa (R6);Ant;Barsa;Iñaki P;1.84;0.47
Abajo;Low right;0.2;0;Antwerp-Barsa (R6);Ant;Barsa;Iñaki P;1.84;-0.2
Abajo;Low right;0.07;0;Antwerp-Barsa (R6);Ant;Barsa;Iñaki P;1.84;-0.07
Arriba;High left;0.96;1;Antwerp-Barsa (R6);Barsa;Ant;Jean B;1.88;0.04
Abajo;Low left;0.77;1;Antwerp-Barsa (R6);Barsa;Ant;Jean B;1.88;0.23
Abajo;Low left;0.44;0;Antwerp-Barsa (R6);Barsa;Ant;Jean B;1.88;-0.44
Abajo;Low right;0.94;1;Dortmund-PSG (R6);Dortmund;PSG;Gianluigi D;1.96;0.06
Abajo;Low right;0.13;0;Dortmund-PSG (R6);Dortmund;PSG;Gianluigi D;1.96;-0.13
Abajo;Low left;0.11;0;Dortmund-PSG (R6);Dortmund;PSG;Gianluigi D;1.96;-0.11
Abajo;Low right;0.11;0;Dortmund-PSG (R6);Dortmund;PSG;Gianluigi D;1.96;-0.11
Abajo;Low centre;0.05;0;Dortmund-PSG (R6);Dortmund;PSG;Gianluigi D;1.96;-0.05
Arriba;High centre;0.03;0;Dortmund-PSG (R6);Dortmund;PSG;Gianluigi D;1.96;-0.03
Abajo;Low centre;0.82;0;Dortmund-PSG (R6);PSG;Dortmund;Gregor K;1.94;-0.82
Abajo;Low left;0.16;1;Dortmund-PSG (R6);PSG;Dortmund;Gregor K;1.94;0.84
Abajo;Low left;0.13;0;Dortmund-PSG (R6);PSG;Dortmund;Gregor K;1.94;-0.13
Abajo;Low left;0.1;0;Dortmund-PSG (R6);PSG;Dortmund;Gregor K;1.94;-0.1
Abajo;Low centre;0.03;0;Dortmund-PSG (R6);PSG;Dortmund;Gregor K;1.94;-0.03
Arriba;High right;0.48;1;AtM-Lazio (R6);AtM;Lazio;Ivan P;1.92;0.52
Abajo;Low right;0.44;1;AtM-Lazio (R6);AtM;Lazio;Ivan P;1.92;0.56
Abajo;Low centre;0.07;0;AtM-Lazio (R6);AtM;Lazio;Ivan P;1.92;-0.07
Arriba;High centre;0.06;0;AtM-Lazio (R6);AtM;Lazio;Ivan P;1.92;-0.06
Abajo;Low right;0.07;0;AtM-Lazio (R6);Lazio;AtM;Oblack;1.86;-0.07
Abajo;Low left;0.06;0;AtM-Lazio (R6);Lazio;AtM;Oblack;1.86;-0.06
Abajo;Low centre;0.03;0;AtM-Lazio (R6);Lazio;AtM;Oblack;1.86;-0.03
Abajo;Low centre;0.03;0;AtM-Lazio (R6);Lazio;AtM;Oblack;1.86;-0.03
