Arriba/abajo;X;xGOT;Gol (0/1);Partido;Equipo tiro;Equipo portera;Portera;Altura;"Resultante
de cada tiro"
Arriba;High centre;0.03;1;FCB-OLY (final);FCB;OLY;C. Endler;1.82;0.97
Arriba;High left;0.24;1;FCB-OLY (final);FCB;OLY;C. Endler;1.82;0.76
Abajo;Low centre;0.06;0;FCB-OLY (final);FCB;OLY;C. Endler;1.82;-0.06
Abajo;Low centre;0.46;0;FCB-OLY (final);FCB;OLY;C. Endler;1.82;-0.46
Abajo;Low centre;0.04;0;FCB-OLY (final);OLY;FCB;Cata Coll;1.7;-0.04
Abajo;Low left;0.15;0;FCB-OLY (final);OLY;FCB;Cata Coll;1.7;-0.15
Abajo;Low left;0.15;0;CHE-FCB (sm);FCB;CHE;Hanna Hampton;1.73;-0.15
Abajo;Low left;0.53;1;CHE-FCB (sm);FCB;CHE;Hanna Hampton;1.73;0.47
Abajo;Low left;0.28;0;CHE-FCB (sm);FCB;CHE;Hanna Hampton;1.73;-0.28
Abajo;Low left;0.99;1;CHE-FCB (sm);FCB;CHE;Hanna Hampton;1.73;0.01
Abajo;Low left;0.55;0;CHE-FCB (sm);CHE;FCB;Cata Coll;1.7;-0.55
Abajo;Low centre;0.03;0;CHE-FCB (sm);CHE;FCB;Cata Coll;1.7;-0.03
Abajo;Low centre;0.03;0;FCB-CHE (sm);FCB;CHE;Hanna Hampton;1.73;-0.03
Abajo;Low right;0.22;1;FCB-CHE (sm);CHE;FCB;Cata Coll;1.7;0.78
Abajo;Low centre;0.03;0;FCB-CHE (sm);CHE;FCB;Cata Coll;1.7;-0.03
Abajo;Low left;0.67;1;OLY-PSG (sm);OLY;PSG;Constance P;1.8;0.33
Abajo;Low right;0.61;1;OLY-PSG (sm);OLY;PSG;Constance P;1.8;0.39
Abajo;Low left;0.46;0;OLY-PSG (sm);OLY;PSG;Constance P;1.8;-0.46
Arriba;High right;0.31;1;OLY-PSG (sm);OLY;PSG;Constance P;1.8;0.69
Abajo;Low left;0.19;0;OLY-PSG (sm);OLY;PSG;Constance P;1.8;-0.19
Arriba;High right;0.18;0;OLY-PSG (sm);OLY;PSG;Constance P;1.8;-0.18
Abajo;Low left;0.1;0;OLY-PSG (sm);OLY;PSG;Constance P;1.8;-0.1
Abajo;Low left;0.06;0;OLY-PSG (sm);OLY;PSG;Constance P;1.8;-0.06
Abajo;Low centre;0.86;1;OLY-PSG (sm);PSG;OLY;C. Endler;1.82;0.14
Abajo;Low left;0.55;1;OLY-PSG (sm);PSG;OLY;C. Endler;1.82;0.45
Abajo;Low left;0.3;0;OLY-PSG (sm);PSG;OLY;C. Endler;1.82;-0.3
Abajo;Low right;0.66;1;PSG-OLY (sm);PSG;OLY;C. Endler;1.82;0.34
Arriba;High centre;0.04;0;PSG-OLY (sm);PSG;OLY;C. Endler;1.82;-0.04
Abajo;Low centre;0.04;0;PSG-OLY (sm);PSG;OLY;C. Endler;1.82;-0.04
Abajo;Low right;0.54;1;PSG-OLY (sm);OLY;PSG;Constance P;1.8;0.46
Abajo;Low right;0.23;1;PSG-OLY (sm);OLY;PSG;Constance P;1.8;0.77
Arriba;High centre;0.06;0;PSG-OLY (sm);OLY;PSG;Constance P;1.8;-0.06
Abajo;Low centre;0.06;0;PSG-OLY (sm);OLY;PSG;Constance P;1.8;-0.06
Abajo;Low centre;0.04;0;PSG-OLY (sm);OLY;PSG;Constance P;1.8;-0.04
Abajo;Low centre;0.04;0;PSG-OLY (sm);OLY;PSG;Constance P;1.8;-0.04
Abajo;Low centre;0.03;0;PSG-OLY (sm);OLY;PSG;Constance P;1.8;-0.03
Abajo;Low right;0.97;1;BRANN-FCB (4);BRANN;FCB;Cata Coll;1.7;0.03
Arriba;High left;0.18;0;BRANN-FCB (4);BRANN;FCB;Cata Coll;1.7;-0.18
Abajo;Low right;0.71;0;BRANN-FCB (4);FCB;BRANN;Aurora M;1.73;-0.71
Abajo;Low centre;0.53;0;BRANN-FCB (4);FCB;BRANN;Aurora M;1.73;-0.53
Abajo;Low left;0.33;1;BRANN-FCB (4);FCB;BRANN;Aurora M;1.73;0.67
Abajo;Low right;0.14;0;BRANN-FCB (4);FCB;BRANN;Aurora M;1.73;-0.14
Abajo;Low left;0.09;0;BRANN-FCB (4);FCB;BRANN;Aurora M;1.73;-0.09
Abajo;Low left;0.08;0;BRANN-FCB (4);FCB;BRANN;Aurora M;1.73;-0.08
Arriba;High centre;0.07;0;BRANN-FCB (4);FCB;BRANN;Aurora M;1.73;-0.07
Abajo;Low centre;0.05;0;BRANN-FCB (4);FCB;BRANN;Aurora M;1.73;-0.05
Abajo;Low centre;0.03;1;BRANN-FCB (4);FCB;BRANN;Aurora M;1.73;0.97
Abajo;Low centre;0.03;0;BRANN-FCB (4);FCB;BRANN;Aurora M;1.73;-0.03
Abajo;Low centre;0.03;0;BRANN-FCB (4);FCB;BRANN;Aurora M;1.73;-0.03
Abajo;Low right;0.55;1;BRANN-FCB (4);BRANN;FCB;Cata Coll;1.7;0.45
Abajo;Low right;0.24;0;BRANN-FCB (4);BRANN;FCB;Cata Coll;1.7;-0.24
Abajo;Low left;0.99;1;FCB-BRANN (4);FCB;BRANN;Aurora M;1.73;0.01
Abajo;Low left;0.96;1;FCB-BRANN (4);FCB;BRANN;Aurora M;1.73;0.04
Abajo;Low centre;0.62;0;FCB-BRANN (4);FCB;BRANN;Aurora M;1.73;-0.62
Abajo;Low left;0.41;1;FCB-BRANN (4);FCB;BRANN;Aurora M;1.73;0.59
Arriba;High left;0.25;0;FCB-BRANN (4);FCB;BRANN;Aurora M;1.73;-0.25
Abajo;Low right;0.22;0;FCB-BRANN (4);FCB;BRANN;Aurora M;1.73;-0.22
Arriba;High right;0.1;0;FCB-BRANN (4);FCB;BRANN;Aurora M;1.73;-0.1
Abajo;Low centre;0.05;0;FCB-BRANN (4);FCB;BRANN;Aurora M;1.73;-0.05
Arriba;High centre;0.03;0;FCB-BRANN (4);FCB;BRANN;Aurora M;1.73;-0.03
Abajo;Low right;0.21;0;AJAX-CHE (4);AJAX;CHE;Hanna Hampton;1.73;-0.21
Abajo;Low centre;0.1;0;AJAX-CHE (4);AJAX;CHE;Hanna Hampton;1.73;-0.1
Abajo;Low centre;0.94;1;AJAX-CHE (4);CHE;AJAX;Regina Van;1.73;0.06
Abajo;Low centre;0.6;1;AJAX-CHE (4);CHE;AJAX;Regina Van;1.73;0.4
Arriba;High left;0.49;1;AJAX-CHE (4);CHE;AJAX;Regina Van;1.73;0.51
Abajo;Low left;0.36;0;AJAX-CHE (4);CHE;AJAX;Regina Van;1.73;-0.36
Abajo;Low right;0.05;0;AJAX-CHE (4);CHE;AJAX;Regina Van;1.73;-0.05
Abajo;Low centre;0.02;0;AJAX-CHE (4);CHE;AJAX;Regina Van;1.73;-0.02
Abajo;Low right;0.84;1;CHE-AJAX (4);CHE;AJAX;Regina Van;1.73;0.16
Abajo;Low centre;0.42;0;CHE-AJAX (4);CHE;AJAX;Regina Van;1.73;-0.42
Abajo;Low centre;0.07;0;CHE-AJAX (4);CHE;AJAX;Regina Van;1.73;-0.07
Abajo;Low left;0.57;1;CHE-AJAX (4);AJAX;CHE;Zecira;1.78;0.43
Arriba;Low right;0.3;0;CHE-AJAX (4);AJAX;CHE;Zecira;1.78;-0.3
Arriba;High right;0.23;0;CHE-AJAX (4);AJAX;CHE;Zecira;1.78;-0.23
Abajo;Low right;0.14;0;CHE-AJAX (4);AJAX;CHE;Zecira;1.78;-0.14
Abajo;Low centre;0.05;0;CHE-AJAX (4);AJAX;CHE;Zecira;1.78;-0.05
Abajo;Low left;0.69;1;BENFICA-OLY (4);BENF;OLY;C. Endler;1.82;0.31
Abajo;Low left;0.08;0;BENFICA-OLY (4);BENF;OLY;C. Endler;1.82;-0.08
Abajo;Low centre;0.1;0;BENFICA-OLY (4);BENF;OLY;C. Endler;1.82;-0.1
Abajo;Low left;0.97;1;BENFICA-OLY (4);OLY;BENF;Lean;1.76;0.03
Arriba;High centre;0.88;1;BENFICA-OLY (4);OLY;BENF;Lean;1.76;0.12
Abajo;Low right;0.78;0;BENFICA-OLY (4);OLY;BENF;Lean;1.76;-0.78
Abajo;Low centre;0.27;0;BENFICA-OLY (4);OLY;BENF;Lean;1.76;-0.27
Abajo;Low centre;0.26;0;BENFICA-OLY (4);OLY;BENF;Lean;1.76;-0.26
Abajo;Low centre;0.15;0;BENFICA-OLY (4);OLY;BENF;Lean;1.76;-0.15
Abajo;Low right;0.13;0;BENFICA-OLY (4);OLY;BENF;Lean;1.76;-0.13
Abajo;Low centre;0.06;0;BENFICA-OLY (4);OLY;BENF;Lean;1.76;-0.06
Abajo;Low centre;0.04;0;BENFICA-OLY (4);OLY;BENF;Lean;1.76;-0.04
Abajo;Low right;0.75;1;OLY-BENFICA (4);OLY;BENF;Lean;1.76;0.25
Abajo;Low left;0.69;0;OLY-BENFICA (4);OLY;BENF;Lean;1.76;-0.69
Abajo;Low right;0.25;1;OLY-BENFICA (4);OLY;BENF;Lean;1.76;0.75
Arriba;High left;0.22;0;OLY-BENFICA (4);OLY;BENF;Lean;1.76;-0.22
Abajo;Low right;0.18;1;OLY-BENFICA (4);OLY;BENF;Lean;1.76;0.82
Abajo;Low centre;0.13;0;OLY-BENFICA (4);OLY;BENF;Lean;1.76;-0.13
Abajo;Low centre;0.11;0;OLY-BENFICA (4);OLY;BENF;Lean;1.76;-0.11
Abajo;Low centre;0.05;1;OLY-BENFICA (4);OLY;BENF;Lean;1.76;0.95
Abajo;Low left;0.98;1;OLY-BENFICA (4);BENF;OLY;C. Endler;1.82;0.02
Abajo;Low centre;0.1;0;OLY-BENFICA (4);BENF;OLY;C. Endler;1.82;-0.1
Abajo;Low right;0.09;0;OLY-BENFICA (4);BENF;OLY;C. Endler;1.82;-0.09
Abajo;Low right;0.98;1;BK-PSG (4);BK;PSG;Katazyna K;1.8;0.02
Arriba;High centre;0.97;0;BK-PSG (4);BK;PSG;Katazyna K;1.8;-0.97
Abajo;Low left;0.14;0;BK-PSG (4);BK;PSG;Katazyna K;1.8;-0.14
Abajo;Low left;0.08;0;BK-PSG (4);BK;PSG;Katazyna K;1.8;-0.08
Abajo;Low centre;0.03;0;BK-PSG (4);BK;PSG;Katazyna K;1.8;-0.03
Abajo;Low left;0.99;1;BK-PSG (4);PSG;BK;Jennifer F;1.71;0.01
Arriba;High left;0.67;1;BK-PSG (4);PSG;BK;Jennifer F;1.71;0.33
Abajo;Low centre;0.31;0;BK-PSG (4);PSG;BK;Jennifer F;1.71;-0.31
Abajo;Low left;0.22;0;BK-PSG (4);PSG;BK;Jennifer F;1.71;-0.22
Abajo;Low left;0.21;0;BK-PSG (4);PSG;BK;Jennifer F;1.71;-0.21
Abajo;Low left;0.21;0;BK-PSG (4);PSG;BK;Jennifer F;1.71;-0.21
Abajo;Low left;0.09;0;BK-PSG (4);PSG;BK;Jennifer F;1.71;-0.09
Abajo;Low centre;0.06;0;BK-PSG (4);PSG;BK;Jennifer F;1.71;-0.06
Abajo;Low right;0.79;1;PSG-BK (4);PSG;BK;Jennifer F;1.71;0.21
Abajo;Low right;0.4;1;PSG-BK (4);PSG;BK;Jennifer F;1.71;0.6
Arriba;High left;0.24;1;PSG-BK (4);PSG;BK;Jennifer F;1.71;0.76
Abajo;Low right;0.2;0;PSG-BK (4);PSG;BK;Jennifer F;1.71;-0.2
Abajo;Low centre;0.2;0;PSG-BK (4);PSG;BK;Jennifer F;1.71;-0.2
Abajo;Low left;0.08;0;PSG-BK (4);PSG;BK;Jennifer F;1.71;-0.08
Abajo;Low centre;0.05;0;PSG-BK (4);PSG;BK;Jennifer F;1.71;-0.05
Abajo;Low centre;0.04;0;PSG-BK (4);PSG;BK;Jennifer F;1.71;-0.04
Abajo;Low centre;0.03;0;PSG-BK (4);PSG;BK;Jennifer F;1.71;-0.03
Abajo;Low centre;0.04;0;BK-PSG (4);BK;PSG;Katazyna K;1.8;-0.04
Abajo;Low centre;0.02;0;BK-PSG (4);BK;PSG;Katazyna K;1.8;-0.02
Abajo;Low right;0.34;0;Rosengard-Frankfut (R1);Rosen;Frankfut;Stina J;1.77;-0.34
Abajo;Low right;0.96;1;Rosengard-Frankfut (R1);Rosen;Frankfut;Stina J;1.77;0.04
Abajo;Low left;0.44;1;Rosengard-Frankfut (R1);Frankfurt;Rosen;Angel M;1.77;0.56
Arriba;High centre;0.33;0;Rosengard-Frankfut (R1);Frankfurt;Rosen;Angel M;1.77;-0.33
Abajo;Low centre;0.4;0;Rosengard-Frankfut (R1);Frankfurt;Rosen;Angel M;1.77;-0.4
Abajo;Low centre;0.9;0;Rosengard-Frankfut (R1);Frankfurt;Rosen;Angel M;1.77;-0.9
Arriba;High centre;0.09;0;Rosengard-Frankfut (R1);Frankfurt;Rosen;Angel M;1.77;-0.09
Abajo;Low right;0.64;1;Rosengard-Frankfut (R1);Frankfurt;Rosen;Angel M;1.77;0.36
Arriba;High right;0.21;0;Rosengard-Frankfut (R1);Frankfurt;Rosen;Angel M;1.77;-0.21
Abajo;Low right;0.26;1;Polten-Brann (R1);Polten;Brann;Aurora M;1.73;0.74
Abajo;Low centre;0.06;0;Polten-Brann (R1);Polten;Brann;Aurora M;1.73;-0.06
Abajo;Low right;0.06;0;Polten-Brann (R1);Polten;Brann;Aurora M;1.73;-0.06
Abajo;Low centre;0.02;0;Polten-Brann (R1);Polten;Brann;Aurora M;1.73;-0.02
Abajo;Low centre;0.02;0;Polten-Brann (R1);Polten;Brann;Aurora M;1.73;-0.02
Abajo;Low centre;0.9;1;Polten-Brann (R1);Brann;Polten;Carina S;1.74;0.1
Abajo;Low centre;0.3;0;Polten-Brann (R1);Brann;Polten;Carina S;1.74;-0.3
Abajo;Low right;0.16;0;Polten-Brann (R1);Brann;Polten;Carina S;1.74;-0.16
Arriba;High centre;0.16;1;Polten-Brann (R1);Brann;Polten;Carina S;1.74;0.84
Arriba;High centre;0.09;0;Polten-Brann (R1);Brann;Polten;Carina S;1.74;-0.09
Arriba;High centre;0.05;0;Polten-Brann (R1);Brann;Polten;Carina S;1.74;-0.05
Abajo;Low centre;0.01;0;Polten-Brann (R1);Brann;Polten;Carina S;1.74;-0.01
Abajo;Low right;0.34;0;Slavia-OLY (R1);Slavia;OLY;C. Endler;1.82;-0.34
Abajo;Low left;0.21;0;Slavia-OLY (R1);Slavia;OLY;C. Endler;1.82;-0.21
Arriba;High right;0.2;0;Slavia-OLY (R1);Slavia;OLY;C. Endler;1.82;-0.2
Abajo;Low centre;0.03;0;Slavia-OLY (R1);Slavia;OLY;C. Endler;1.82;-0.03
Abajo;Low left;0.99;1;Slavia-OLY (R1);OLY;Slavia;Olivie L;1.81;0.01
Abajo;Low centre;0.94;1;Slavia-OLY (R1);OLY;Slavia;Olivie L;1.81;0.06
Abajo;Low left;0.93;1;Slavia-OLY (R1);OLY;Slavia;Olivie L;1.81;0.07
Arriba;High centre;0.89;1;Slavia-OLY (R1);OLY;Slavia;Olivie L;1.81;0.11
Abajo;Low centre;0.75;1;Slavia-OLY (R1);OLY;Slavia;Olivie L;1.81;0.25
Abajo;Low right;0.55;1;Slavia-OLY (R1);OLY;Slavia;Olivie L;1.81;0.45
Arriba;High centre;0.5;1;Slavia-OLY (R1);OLY;Slavia;Olivie L;1.81;0.5
Abajo;Low right;0.29;1;Slavia-OLY (R1);OLY;Slavia;Olivie L;1.81;0.71
Abajo;Low left;0.23;1;Slavia-OLY (R1);OLY;Slavia;Olivie L;1.81;0.77
Arriba;High left;0.2;0;Slavia-OLY (R1);OLY;Slavia;Olivie L;1.81;-0.2
Abajo;Low left;0.16;0;Slavia-OLY (R1);OLY;Slavia;Olivie L;1.81;-0.16
Abajo;Low centre;0.04;0;Slavia-OLY (R1);OLY;Slavia;Olivie L;1.81;-0.04
Abajo;Low centre;0.04;0;Slavia-OLY (R1);OLY;Slavia;Olivie L;1.81;-0.04
Abajo;Low centre;0.03;0;Slavia-OLY (R1);OLY;Slavia;Olivie L;1.81;-0.03
Abajo;Low centre;0.02;0;Slavia-OLY (R1);OLY;Slavia;Olivie L;1.81;-0.02
Arriba;High right;0.99;1;Barsa-Benfica (R1);Barsa;Benfica;Lena P;1.76;0.01
Abajo;Low right;0.84;1;Barsa-Benfica (R1);Barsa;Benfica;Lena P;1.76;0.16
Abajo;Low right;0.73;1;Barsa-Benfica (R1);Barsa;Benfica;Lena P;1.76;0.27
Abajo;Low left;0.57;1;Barsa-Benfica (R1);Barsa;Benfica;Lena P;1.76;0.43
Abajo;Low left;0.47;1;Barsa-Benfica (R1);Barsa;Benfica;Lena P;1.76;0.53
Abajo;Low centre;0.1;0;Barsa-Benfica (R1);Barsa;Benfica;Lena P;1.76;-0.1
Abajo;Low centre;0.09;0;Barsa-Benfica (R1);Barsa;Benfica;Lena P;1.76;-0.09
Abajo;Low centre;0.02;0;Barsa-Benfica (R1);Barsa;Benfica;Lena P;1.76;-0.02
Abajo;Low right;0.11;0;Barsa-Benfica (R1);Benfica;Barsa;Cata Coll;1.7;-0.11
Abajo;Low right;0.05;0;Barsa-Benfica (R1);Benfica;Barsa;Cata Coll;1.7;-0.05
Abajo;Low left;0.99;1;Paris FC-BK (R1);Paris;BK;Jennifer F;1.71;0.01
Abajo;Low left;0.64;0;Paris FC-BK (R1);Paris;BK;Jennifer F;1.71;-0.64
Abajo;Low centre;0.22;0;Paris FC-BK (R1);Paris;BK;Jennifer F;1.71;-0.22
Abajo;Low right;0.2;0;Paris FC-BK (R1);Paris;BK;Jennifer F;1.71;-0.2
Abajo;Low left;0.2;0;Paris FC-BK (R1);Paris;BK;Jennifer F;1.71;-0.2
Abajo;Low left;0.16;0;Paris FC-BK (R1);Paris;BK;Jennifer F;1.71;-0.16
Abajo;Low centre;0.03;0;Paris FC-BK (R1);Paris;BK;Jennifer F;1.71;-0.03
Abajo;Low right;0.85;1;Paris FC-BK (R1);BK;Paris;Chiamaka N;1.74;0.15
Abajo;Low left;0.59;1;Paris FC-BK (R1);BK;Paris;Chiamaka N;1.74;0.41
Abajo;Low left;0.37;0;Paris FC-BK (R1);BK;Paris;Chiamaka N;1.74;-0.37
Abajo;Low left;0.11;0;Paris FC-BK (R1);BK;Paris;Chiamaka N;1.74;-0.11
Abajo;Low right;0.08;0;Paris FC-BK (R1);BK;Paris;Chiamaka N;1.74;-0.08
Abajo;Low centre;0.06;0;Paris FC-BK (R1);BK;Paris;Chiamaka N;1.74;-0.06
Abajo;Low right;0.98;1;Bayer-Roma (R1);Bayer;Roma;Camelia C;1.7;0.02
Abajo;Low centre;0.31;0;Bayer-Roma (R1);Bayer;Roma;Camelia C;1.7;-0.31
Abajo;Low right;0.12;0;Bayer-Roma (R1);Bayer;Roma;Camelia C;1.7;-0.12
Abajo;Low centre;0.05;0;Bayer-Roma (R1);Bayer;Roma;Camelia C;1.7;-0.05
Abajo;Low right;0.51;1;Bayer-Roma (R1);Roma;Bayer;Maria Luisa G;1.8;0.49
Abajo;Low right;0.26;0;Bayer-Roma (R1);Roma;Bayer;Maria Luisa G;1.8;-0.26
Abajo;Low centre;0.05;1;Bayer-Roma (R1);Roma;Bayer;Maria Luisa G;1.8;0.95
Abajo;Low centre;0.02;0;Bayer-Roma (R1);Roma;Bayer;Maria Luisa G;1.8;-0.02
Abajo;Low centre;0.01;0;Bayer-Roma (R1);Roma;Bayer;Maria Luisa G;1.8;-0.01
Abajo;Low right;0.98;1;Ajax-PSG (R1);Ajax;PSG;Constance P;1.8;0.02
Abajo;Low centre;0.49;1;Ajax-PSG (R1);Ajax;PSG;Constance P;1.8;0.51
Abajo;Low centre;0.06;0;Ajax-PSG (R1);PSG;Ajax;Regina Van;1.73;-0.06
Abajo;Low centre;0.04;0;Ajax-PSG (R1);PSG;Ajax;Regina Van;1.73;-0.04
Abajo;Low centre;0.03;0;Ajax-PSG (R1);PSG;Ajax;Regina Van;1.73;-0.03
Abajo;Low centre;0.03;0;Ajax-PSG (R1);PSG;Ajax;Regina Van;1.73;-0.03
Arriba;High centre;0.02;0;Ajax-PSG (R1);PSG;Ajax;Regina Van;1.73;-0.02
Abajo;Low right;0.99;1;RM-Chelsea (R1);RM;Chelsea;Ann-Katrin;1.8;0.01
Abajo;Low left;0.08;1;RM-Chelsea (R1);RM;Chelsea;Ann-Katrin;1.8;0.92
Arriba;High right;0.41;0;RM-Chelsea (R1);Chelsea;RM;Misa R;1.73;-0.41
Arriba;High left;0.38;0;RM-Chelsea (R1);Chelsea;RM;Misa R;1.73;-0.38
Abajo;Low right;0.36;1;RM-Chelsea (R1);Chelsea;RM;Misa R;1.73;0.64
Arriba;High right;0.33;1;RM-Chelsea (R1);Chelsea;RM;Misa R;1.73;0.67
Arriba;High right;0.24;0;RM-Chelsea (R1);Chelsea;RM;Misa R;1.73;-0.24
Abajo;Low left;0.11;0;RM-Chelsea (R1);Chelsea;RM;Misa R;1.73;-0.11
Abajo;Low centre;0.03;0;RM-Chelsea (R1);Chelsea;RM;Misa R;1.73;-0.03
Abajo;Low centre;0.02;0;RM-Chelsea (R1);Chelsea;RM;Misa R;1.73;-0.02
Arriba;Low centre;0.94;0;OLY-Polten (R2);OLY;Polten;Carina S;1.74;-0.94
Abajo;High centre;0.71;1;OLY-Polten (R2);OLY;Polten;Carina S;1.74;0.29
Arriba;High right;0.57;0;OLY-Polten (R2);OLY;Polten;Carina S;1.74;-0.57
Arriba;High centre;0.14;0;OLY-Polten (R2);OLY;Polten;Carina S;1.74;-0.14
Abajo;Low centre;0.13;0;OLY-Polten (R2);OLY;Polten;Carina S;1.74;-0.13
Abajo;Low left;0.12;0;OLY-Polten (R2);OLY;Polten;Carina S;1.74;-0.12
Abajo;Low left;0.11;0;OLY-Polten (R2);OLY;Polten;Carina S;1.74;-0.11
Abajo;High centre;0.1;0;OLY-Polten (R2);OLY;Polten;Carina S;1.74;-0.1
Abajo;Low left;0.09;0;OLY-Polten (R2);OLY;Polten;Carina S;1.74;-0.09
Arriba;High centre;0.04;0;OLY-Polten (R2);OLY;Polten;Carina S;1.74;-0.04
Arriba;High centre;0.03;0;OLY-Polten (R2);OLY;Polten;Carina S;1.74;-0.03
Abajo;Low centre;0.02;0;OLY-Polten (R2);OLY;Polten;Carina S;1.74;-0.02
Abajo;Low left;0.99;1;Brann-Slavia (R2);Brann;Slavia;Olivie L;1.81;0.01
Arriba;High right;0.57;0;Brann-Slavia (R2);Brann;Slavia;Olivie L;1.81;-0.57
Arriba;High left;0.22;0;Brann-Slavia (R2);Brann;Slavia;Olivie L;1.81;-0.22
Arriba;High centre;0.1;0;Brann-Slavia (R2);Brann;Slavia;Olivie L;1.81;-0.1
Abajo;Low right;0.19;0;Brann-Slavia (R2);Slavia;Brann;Aurora M;1.73;-0.19
Arriba;High centre;0.16;0;Brann-Slavia (R2);Slavia;Brann;Aurora M;1.73;-0.16
Abajo;Low right;0.04;0;Brann-Slavia (R2);Slavia;Brann;Aurora M;1.73;-0.04
Abajo;Low centre;0.03;0;Brann-Slavia (R2);Slavia;Brann;Aurora M;1.73;-0.03
Abajo;Low centre;0.02;0;Brann-Slavia (R2);Slavia;Brann;Aurora M;1.73;-0.02
Abajo;Low left;0.86;1;Benfica-Rosengard (R2);Benfica;Rosen;Angel M;1.77;0.14
Abajo;Low left;0.39;0;Benfica-Rosengard (R2);Benfica;Rosen;Angel M;1.77;-0.39
Arriba;High right;0.38;0;Benfica-Rosengard (R2);Benfica;Rosen;Angel M;1.77;-0.38
Arriba;High right;0.3;0;Benfica-Rosengard (R2);Benfica;Rosen;Angel M;1.77;-0.3
Abajo;Low centre;0.02;0;Benfica-Rosengard (R2);Benfica;Rosen;Angel M;1.77;-0.02
Abajo;Low centre;0.01;0;Benfica-Rosengard (R2);Benfica;Rosen;Angel M;1.77;-0.01
Abajo;Low left;0.94;0;Benfica-Rosengard (R2);Rosen;Benfica;Lena P;1.76;-0.94
Abajo;Low centre;0.65;0;Benfica-Rosengard (R2);Rosen;Benfica;Lena P;1.76;-0.65
Abajo;Low right;0.14;0;Benfica-Rosengard (R2);Rosen;Benfica;Lena P;1.76;-0.14
Abajo;Low centre;0.42;1;Franfurt-Barsa (R2);Frankfurt;Barsa;Sandra P;1.69;0.58
Abajo;Low right;0.25;0;Franfurt-Barsa (R2);Frankfurt;Barsa;Sandra P;1.69;-0.25
Abajo;Low centre;0.09;0;Franfurt-Barsa (R2);Frankfurt;Barsa;Sandra P;1.69;-0.09
Abajo;Low centre;0.86;1;Franfurt-Barsa (R2);Barsa;Frankfut;Stina J;1.77;0.14
Abajo;Low left;0.82;1;Franfurt-Barsa (R2);Barsa;Frankfut;Stina J;1.77;0.18
Arriba;High centre;0.36;0;Franfurt-Barsa (R2);Barsa;Frankfut;Stina J;1.77;-0.36
Abajo;Low right;0.13;1;Franfurt-Barsa (R2);Barsa;Frankfut;Stina J;1.77;0.87
Abajo;Low left;0.08;0;Franfurt-Barsa (R2);Barsa;Frankfut;Stina J;1.77;-0.08
Abajo;Low left;0.06;0;Franfurt-Barsa (R2);Barsa;Frankfut;Stina J;1.77;-0.06
Abajo;Low centre;0.05;0;Franfurt-Barsa (R2);Barsa;Frankfut;Stina J;1.77;-0.05
Abajo;Low centre;0.05;0;Franfurt-Barsa (R2);Barsa;Frankfut;Stina J;1.77;-0.05
Abajo;Low centre;0.03;0;Franfurt-Barsa (R2);Barsa;Frankfut;Stina J;1.77;-0.03
Abajo;Low centre;0.14;0;PSG-Bayer (R2);PSG;Bayer;Maria Luisa G;1.8;-0.14
Abajo;Low left;0.12;0;PSG-Bayer (R2);PSG;Bayer;Maria Luisa G;1.8;-0.12
Abajo;Low right;0.08;0;PSG-Bayer (R2);PSG;Bayer;Maria Luisa G;1.8;-0.08
Abajo;Low left;0.06;0;PSG-Bayer (R2);PSG;Bayer;Maria Luisa G;1.8;-0.06
Abajo;Low centre;0.03;0;PSG-Bayer (R2);PSG;Bayer;Maria Luisa G;1.8;-0.03
Abajo;Low centre;0.14;0;PSG-Bayer (R2);Bayer;PSG;Katazyna K;1.8;-0.14
Abajo;Low centre;0.88;1;PSG-Bayer (R2);Bayer;PSG;Katazyna K;1.8;0.12
Arriba;High left;0.61;1;BK-RM (R2);BK;RM;Misa R;1.73;0.39
Abajo;Low right;0.28;1;BK-RM (R2);BK;RM;Misa R;1.73;0.72
Abajo;Low left;0.09;0;BK-RM (R2);BK;RM;Misa R;1.73;-0.09
Arriba;High left;0.91;1;BK-RM (R2);RM;BK;Jennifer F;1.71;0.09
Abajo;Low left;0.32;0;BK-RM (R2);RM;BK;Jennifer F;1.71;-0.32
Abajo;Low right;0.16;0;BK-RM (R2);RM;BK;Jennifer F;1.71;-0.16
Abajo;Low left;0.06;0;BK-RM (R2);RM;BK;Jennifer F;1.71;-0.06
Abajo;Low left;0.96;1;Chelsea-Paris (R2);Chelsea;Paris;Chiamaka N;1.74;0.04
Abajo;Low centre;0.71;1;Chelsea-Paris (R2);Chelsea;Paris;Chiamaka N;1.74;0.29
Abajo;Low centre;0.42;0;Chelsea-Paris (R2);Chelsea;Paris;Chiamaka N;1.74;-0.42
Abajo;Low left;0.24;1;Chelsea-Paris (R2);Chelsea;Paris;Chiamaka N;1.74;0.76
Abajo;Low centre;0.03;1;Chelsea-Paris (R2);Chelsea;Paris;Chiamaka N;1.74;0.97
Abajo;Low centre;0.02;0;Chelsea-Paris (R2);Chelsea;Paris;Chiamaka N;1.74;-0.02
Arriba;High centre;0.75;0;Chelsea-Paris (R2);Paris;Chelsea;Ann-Katrin;1.8;-0.75
Abajo;Low right;0.13;1;Chelsea-Paris (R2);Paris;Chelsea;Ann-Katrin;1.8;0.87
Abajo;Low centre;0.09;0;Chelsea-Paris (R2);Paris;Chelsea;Ann-Katrin;1.8;-0.09
Abajo;Low left;0.09;0;Chelsea-Paris (R2);Paris;Chelsea;Ann-Katrin;1.8;-0.09
Arriba;High centre;0.07;0;Chelsea-Paris (R2);Paris;Chelsea;Ann-Katrin;1.8;-0.07
Abajo;Low centre;0.72;1;Roma-Ajax (R2);Roma;Ajax;Regina Van;1.73;0.28
Abajo;Low centre;0.6;1;Roma-Ajax (R2);Roma;Ajax;Regina Van;1.73;0.4
Arriba;High centre;0.07;1;Roma-Ajax (R2);Roma;Ajax;Regina Van;1.73;0.93
Abajo;Low left;0.8;0;Roma-Ajax (R2);Ajax;Roma;Camelia C;1.7;-0.8
Abajo;Low right;0.11;0;Roma-Ajax (R2);Ajax;Roma;Camelia C;1.7;-0.11
Arriba;High centre;0.04;0;Rosengard-Barsa (R3);Rosen;Barsa;Sandra P;1.69;-0.04
Abajo;Low right;1;1;Rosengard-Barsa (R3);Barsa;Rosen;Angel M;1.77;0
Abajo;Low right;0.79;1;Rosengard-Barsa (R3);Barsa;Rosen;Angel M;1.77;0.21
Abajo;Low right;0.56;1;Rosengard-Barsa (R3);Barsa;Rosen;Angel M;1.77;0.44
Arriba;High centre;0.43;0;Rosengard-Barsa (R3);Barsa;Rosen;Angel M;1.77;-0.43
Arriba;High left;0.39;1;Rosengard-Barsa (R3);Barsa;Rosen;Angel M;1.77;0.61
Abajo;Low left;0.35;0;Rosengard-Barsa (R3);Barsa;Rosen;Angel M;1.77;-0.35
Arriba;High centre;0.11;0;Rosengard-Barsa (R3);Barsa;Rosen;Angel M;1.77;-0.11
Arriba;High centre;0.06;0;Rosengard-Barsa (R3);Barsa;Rosen;Angel M;1.77;-0.06
Arriba;High centre;0.04;0;Rosengard-Barsa (R3);Barsa;Rosen;Angel M;1.77;-0.04
Abajo;Low centre;0.04;1;Rosengard-Barsa (R3);Barsa;Rosen;Angel M;1.77;0.96
Arriba;High right;0.56;0;Polten-Slavia (R3);Slavia;Polten;Carina S;1.74;-0.56
Abajo;Low left;0.41;0;Polten-Slavia (R3);Slavia;Polten;Carina S;1.74;-0.41
Abajo;Low centre;0.19;0;Polten-Slavia (R3);Slavia;Polten;Carina S;1.74;-0.19
Abajo;Low left;0.09;0;Polten-Slavia (R3);Slavia;Polten;Carina S;1.74;-0.09
Abajo;Low centre;0.02;0;Polten-Slavia (R3);Slavia;Polten;Carina S;1.74;-0.02
Arriba;High left;0.65;1;Benfica-Franfurt (R3);Benfica;Frankfut;Stina J;1.77;0.35
Abajo;Low right;0.13;0;Benfica-Franfurt (R3);Benfica;Frankfut;Stina J;1.77;-0.13
Abajo;Low centre;0.03;0;Benfica-Franfurt (R3);Benfica;Frankfut;Stina J;1.77;-0.03
Abajo;Low centre;0.02;0;Benfica-Franfurt (R3);Benfica;Frankfut;Stina J;1.77;-0.02
Abajo;Low centre;0.01;0;Benfica-Franfurt (R3);Benfica;Frankfut;Stina J;1.77;-0.01
Abajo;Low right;0.56;0;Benfica-Franfurt (R3);Frankfurt;Benfica;Lena P;1.76;-0.56
Abajo;Low centre;0.07;0;Benfica-Franfurt (R3);Frankfurt;Benfica;Lena P;1.76;-0.07
Abajo;Low centre;0.71;1;OLY-Brann;OLY;Brann;Aurora M;1.73;0.29
Arriba;High left;0.7;1;OLY-Brann;OLY;Brann;Aurora M;1.73;0.3
Abajo;Low left;0.53;1;OLY-Brann;OLY;Brann;Aurora M;1.73;0.47
Abajo;Low centre;0.45;0;OLY-Brann;OLY;Brann;Aurora M;1.73;-0.45
Abajo;Low right;0.4;0;OLY-Brann;OLY;Brann;Aurora M;1.73;-0.4
Abajo;Low left;0.4;0;OLY-Brann;OLY;Brann;Aurora M;1.73;-0.4
Abajo;Low right;0.36;0;OLY-Brann;OLY;Brann;Aurora M;1.73;-0.36
Abajo;Low left;0.12;0;OLY-Brann;OLY;Brann;Aurora M;1.73;-0.12
Arriba;High centre;0.03;0;OLY-Brann;OLY;Brann;Aurora M;1.73;-0.03
Abajo;Low left;0.63;1;OLY-Brann;Brann;OLY;C. Endler;1.82;0.37
Abajo;Low centre;0.03;0;OLY-Brann;Brann;OLY;C. Endler;1.82;-0.03
Abajo;Low centre;0.02;0;OLY-Brann;Brann;OLY;C. Endler;1.82;-0.02
Abajo;Low left;0.74;1;Bayer-Ajax (R3);Bayer;Ajax;Regina Van;1.73;0.26
Abajo;Low centre;0.25;0;Bayer-Ajax (R3);Bayer;Ajax;Regina Van;1.73;-0.25
Abajo;Low right;0.25;0;Bayer-Ajax (R3);Bayer;Ajax;Regina Van;1.73;-0.25
Arriba;High left;0.23;0;Bayer-Ajax (R3);Bayer;Ajax;Regina Van;1.73;-0.23
Abajo;Low centre;0.2;0;Bayer-Ajax (R3);Bayer;Ajax;Regina Van;1.73;-0.2
Abajo;Low left;0.16;0;Bayer-Ajax (R3);Bayer;Ajax;Regina Van;1.73;-0.16
Abajo;Low right;0.13;0;Bayer-Ajax (R3);Bayer;Ajax;Regina Van;1.73;-0.13
Abajo;Low centre;0.02;0;Bayer-Ajax (R3);Bayer;Ajax;Regina Van;1.73;-0.02
Abajo;Low left;0.66;1;Bayer-Ajax (R3);Ajax;Bayer;Maria Luisa G;1.8;0.34
Arriba;High right;0.36;0;Bayer-Ajax (R3);Ajax;Bayer;Maria Luisa G;1.8;-0.36
Abajo;Low centre;0.01;0;Bayer-Ajax (R3);Ajax;Bayer;Maria Luisa G;1.8;-0.01
Abajo;Low left;0.8;1;Paris-RM (R3);Paris;RM;Misa R;1.73;0.2
Abajo;Low centre;0.58;0;Paris-RM (R3);Paris;RM;Misa R;1.73;-0.58
Arriba;High centre;0.5;1;Paris-RM (R3);Paris;RM;Misa R;1.73;0.5
Abajo;Low centre;0.03;0;Paris-RM (R3);Paris;RM;Misa R;1.73;-0.03
Abajo;Low centre;0.02;0;Paris-RM (R3);Paris;RM;Misa R;1.73;-0.02
Abajo;Low right;0.99;0;Paris-RM (R3);RM;Paris;Chiamaka N;1.74;-0.99
Abajo;Low centre;0.95;1;Paris-RM (R3);RM;Paris;Chiamaka N;1.74;0.05
Abajo;Low left;0.18;0;Paris-RM (R3);RM;Paris;Chiamaka N;1.74;-0.18
Abajo;Low centre;0.02;0;Paris-RM (R3);RM;Paris;Chiamaka N;1.74;-0.02
Abajo;Low centre;0.68;0;Chelsea-BK (R3);Chelsea;BK;Jennifer F;1.71;-0.68
Abajo;Low right;0.52;0;Chelsea-BK (R3);Chelsea;BK;Jennifer F;1.71;-0.52
Arriba;High left;0.16;0;Chelsea-BK (R3);Chelsea;BK;Jennifer F;1.71;-0.16
Abajo;Low centre;0.04;0;Chelsea-BK (R3);Chelsea;BK;Jennifer F;1.71;-0.04
Abajo;Low centre;0.04;0;Chelsea-BK (R3);Chelsea;BK;Jennifer F;1.71;-0.04
Abajo;Low right;0.15;0;Chelsea-BK (R3);BK;Chelsea;Zecira M;1.78;-0.15
Abajo;Low centre;0.01;0;Chelsea-BK (R3);BK;Chelsea;Zecira M;1.78;-0.01
Abajo;Low left;0.98;1;PSG-Roma(R3);PSG;Roma;Camelia C;1.7;0.02
Abajo;Low left;0.94;1;PSG-Roma(R3);PSG;Roma;Camelia C;1.7;0.06
Arriba;High right;0.18;0;PSG-Roma(R3);PSG;Roma;Camelia C;1.7;-0.18
Arriba;High left;0.1;0;PSG-Roma(R3);PSG;Roma;Camelia C;1.7;-0.1
Abajo;Low centre;0.05;0;PSG-Roma(R3);PSG;Roma;Camelia C;1.7;-0.05
Abajo;Low centre;0.03;0;PSG-Roma(R3);PSG;Roma;Camelia C;1.7;-0.03
Abajo;Low right;0.98;1;PSG-Roma(R3);Roma;PSG;Katazyna K;1.8;0.02
Abajo;Low left;0.97;0;PSG-Roma(R3);Roma;PSG;Katazyna K;1.8;-0.97
Abajo;Low right;0.05;0;PSG-Roma(R3);Roma;PSG;Katazyna K;1.8;-0.05
Abajo;Low centre;0.03;0;PSG-Roma(R3);Roma;PSG;Katazyna K;1.8;-0.03
Arriba;High left;0.28;0;Ajax-Bayer (R4);Ajax;Bayer;Maria Luisa G;1.8;-0.28
Abajo;Low left;0.18;1;Ajax-Bayer (R4);Ajax;Bayer;Maria Luisa G;1.8;0.82
Abajo;Low right;0.09;0;Ajax-Bayer (R4);Ajax;Bayer;Maria Luisa G;1.8;-0.09
Abajo;Low right;0.46;0;Ajax-Bayer (R4);Bayer;Ajax;Regina Van;1.73;-0.46
Arriba;High left;0.19;0;Ajax-Bayer (R4);Bayer;Ajax;Regina Van;1.73;-0.19
Arriba;High left;0.1;0;Ajax-Bayer (R4);Bayer;Ajax;Regina Van;1.73;-0.1
Abajo;Low right;0.07;0;Ajax-Bayer (R4);Bayer;Ajax;Regina Van;1.73;-0.07
Abajo;Low centre;0.54;0;Roma-PSG (R4);Roma;PSG;Katazyna K;1.8;-0.54
Abajo;Low right;0.37;1;Roma-PSG (R4);Roma;PSG;Katazyna K;1.8;0.63
Abajo;Low left;0.21;0;Roma-PSG (R4);Roma;PSG;Katazyna K;1.8;-0.21
Arriba;High left;0.15;0;Roma-PSG (R4);Roma;PSG;Katazyna K;1.8;-0.15
Arriba;High left;0.1;0;Roma-PSG (R4);Roma;PSG;Katazyna K;1.8;-0.1
Abajo;Low centre;0.05;0;Roma-PSG (R4);Roma;PSG;Katazyna K;1.8;-0.05
Abajo;Low right;0.91;1;Roma-PSG (R4);PSG;Roma;Camelia C;1.7;0.09
Abajo;Low right;0.9;1;Roma-PSG (R4);PSG;Roma;Camelia C;1.7;0.1
Abajo;Low centre;0.36;1;Roma-PSG (R4);PSG;Roma;Camelia C;1.7;0.64
Abajo;Low centre;0.03;0;Roma-PSG (R4);PSG;Roma;Camelia C;1.7;-0.03
Arriba;High left;0.74;1;BK-Chelsea (R4);BK;Chelsea;Zecira M;1.78;0.26
Arriba;High right;0.1;0;BK-Chelsea (R4);BK;Chelsea;Zecira M;1.78;-0.1
Abajo;Low centre;0.02;0;BK-Chelsea (R4);BK;Chelsea;Zecira M;1.78;-0.02
Arriba;High right;0.97;1;BK-Chelsea (R4);Chelsea;BK;Jennifer F;1.71;0.03
Abajo;Low centre;0.41;0;BK-Chelsea (R4);Chelsea;BK;Jennifer F;1.71;-0.41
Abajo;Low right;0.4;1;BK-Chelsea (R4);Chelsea;BK;Jennifer F;1.71;0.6
Abajo;Low left;0.24;0;BK-Chelsea (R4);Chelsea;BK;Jennifer F;1.71;-0.24
Abajo;Low left;0.12;0;BK-Chelsea (R4);Chelsea;BK;Jennifer F;1.71;-0.12
Arriba;High centre;0.1;0;BK-Chelsea (R4);Chelsea;BK;Jennifer F;1.71;-0.1
Abajo;Low right;0.08;0;BK-Chelsea (R4);Chelsea;BK;Jennifer F;1.71;-0.08
Arriba;High centre;0.06;0;BK-Chelsea (R4);Chelsea;BK;Jennifer F;1.71;-0.06
Abajo;Low centre;0.05;1;BK-Chelsea (R4);Chelsea;BK;Jennifer F;1.71;0.95
Abajo;Low right;0.23;0;RM-Paris (R4);RM;Paris;Chiamaka N;1.74;-0.23
Arriba;High centre;0.15;0;RM-Paris (R4);RM;Paris;Chiamaka N;1.74;-0.15
Arriba;High centre;0.04;0;RM-Paris (R4);RM;Paris;Chiamaka N;1.74;-0.04
Arriba;High left;0.98;1;RM-Paris (R4);Paris;RM;Misa R;1.73;0.02
Abajo;Low right;0.19;0;RM-Paris (R4);Paris;RM;Misa R;1.73;-0.19
Arriba;High right;0.08;0;RM-Paris (R4);Paris;RM;Misa R;1.73;-0.08
Abajo;Low centre;0.07;0;RM-Paris (R4);Paris;RM;Misa R;1.73;-0.07
Abajo;Low centre;0.03;0;RM-Paris (R4);Paris;RM;Misa R;1.73;-0.03
Arriba;High centre;0.6;1;Brann-OLY (R4);Brann;OLY;C. Endler;1.82;0.4
Arriba;High right;0.45;1;Brann-OLY (R4);Brann;OLY;C. Endler;1.82;0.55
Arriba;High right;0.37;0;Brann-OLY (R4);Brann;OLY;C. Endler;1.82;-0.37
Abajo;Low right;0.35;0;Brann-OLY (R4);Brann;OLY;C. Endler;1.82;-0.35
Arriba;High right;0.31;0;Brann-OLY (R4);Brann;OLY;C. Endler;1.82;-0.31
Abajo;Low centre;0.03;0;Brann-OLY (R4);Brann;OLY;C. Endler;1.82;-0.03
Abajo;Low right;0.36;1;Brann-OLY (R4);OLY;Brann;Aurora M;1.73;0.64
Abajo;Low right;0.99;1;Brann-OLY (R4);OLY;Brann;Aurora M;1.73;0.01
Abajo;Low right;0.98;0;Franfurt-Benfica (R4);Frankfurt;Benfica;Lena P;1.76;-0.98
Abajo;Low left;0.24;1;Franfurt-Benfica (R4);Frankfurt;Benfica;Lena P;1.76;0.76
Abajo;Low left;0.14;0;Franfurt-Benfica (R4);Frankfurt;Benfica;Lena P;1.76;-0.14
Arriba;High centre;0.03;0;Franfurt-Benfica (R4);Frankfurt;Benfica;Lena P;1.76;-0.03
Abajo;Low left;0.77;1;Franfurt-Benfica (R4);Benfica;Frankfut;Stina J;1.77;0.23
Abajo;Low centre;0.02;0;Franfurt-Benfica (R4);Benfica;Frankfut;Stina J;1.77;-0.02
Abajo;Low left;0.99;1;Barsa-Rosengard (R4);Barsa;Rosen;Angel M;1.77;0.01
Abajo;Low left;0.87;1;Barsa-Rosengard (R4);Barsa;Rosen;Angel M;1.77;0.13
Arriba;High left;0.78;1;Barsa-Rosengard (R4);Barsa;Rosen;Angel M;1.77;0.22
Abajo;Low centre;0.72;1;Barsa-Rosengard (R4);Barsa;Rosen;Angel M;1.77;0.28
Abajo;Low centre;0.44;0;Barsa-Rosengard (R4);Barsa;Rosen;Angel M;1.77;-0.44
Abajo;Low right;0.27;0;Barsa-Rosengard (R4);Barsa;Rosen;Angel M;1.77;-0.27
Abajo;Low right;0.24;0;Barsa-Rosengard (R4);Barsa;Rosen;Angel M;1.77;-0.24
Abajo;Low left;0.21;1;Barsa-Rosengard (R4);Barsa;Rosen;Angel M;1.77;0.79
Abajo;Low right;0.2;1;Barsa-Rosengard (R4);Barsa;Rosen;Angel M;1.77;0.8
Arriba;High centre;0.19;0;Barsa-Rosengard (R4);Barsa;Rosen;Angel M;1.77;-0.19
Abajo;Low right;0.14;0;Barsa-Rosengard (R4);Barsa;Rosen;Angel M;1.77;-0.14
Abajo;Low right;0.14;0;Barsa-Rosengard (R4);Barsa;Rosen;Angel M;1.77;-0.14
Arriba;High centre;0.13;0;Barsa-Rosengard (R4);Barsa;Rosen;Angel M;1.77;-0.13
Arriba;High left;0.13;0;Barsa-Rosengard (R4);Barsa;Rosen;Angel M;1.77;-0.13
Arriba;High left;0.12;0;Barsa-Rosengard (R4);Barsa;Rosen;Angel M;1.77;-0.12
Abajo;Low right;0.08;0;Barsa-Rosengard (R4);Barsa;Rosen;Angel M;1.77;-0.08
Abajo;Low right;0.06;0;Barsa-Rosengard (R4);Barsa;Rosen;Angel M;1.77;-0.06
Abajo;Low centre;0.03;0;Barsa-Rosengard (R4);Barsa;Rosen;Angel M;1.77;-0.03
Arriba;High centre;0.03;0;Barsa-Rosengard (R4);Barsa;Rosen;Angel M;1.77;-0.03
Abajo;Low centre;0.02;0;Barsa-Rosengard (R4);Barsa;Rosen;Angel M;1.77;-0.02
Abajo;Low centre;0.01;0;Barsa-Rosengard (R4);Barsa;Rosen;Angel M;1.77;-0.01
Abajo;Low centre;0.03;0;Barsa-Rosengard (R4);Rosen;Barsa;Sandra P;1.69;-0.03
Arriba;High left;0.84;1;Slavia-Polten (R4);Slavia;Polten;Carina S;1.74;0.16
Abajo;Low left;0.5;0;Slavia-Polten (R4);Slavia;Polten;Carina S;1.74;-0.5
Arriba;High centre;0.31;0;Slavia-Polten (R4);Slavia;Polten;Carina S;1.74;-0.31
Abajo;Low centre;0.18;0;Slavia-Polten (R4);Slavia;Polten;Carina S;1.74;-0.18
Abajo;Low right;0.16;0;Slavia-Polten (R4);Slavia;Polten;Carina S;1.74;-0.16
Abajo;Low left;0.09;0;Slavia-Polten (R4);Slavia;Polten;Carina S;1.74;-0.09
Arriba;High left;0.08;0;Slavia-Polten (R4);Slavia;Polten;Carina S;1.74;-0.08
Arriba;High centre;0.02;0;Slavia-Polten (R4);Slavia;Polten;Carina S;1.74;-0.02
Abajo;Low centre;0.02;0;Slavia-Polten (R4);Slavia;Polten;Carina S;1.74;-0.02
Abajo;Low right;0.76;0;Slavia-Polten (R4);Polten;Slavia;Olivie L;1.81;-0.76
Arriba;High right;0.15;0;Slavia-Polten (R4);Polten;Slavia;Olivie L;1.81;-0.15
Arriba;High centre;0.13;0;Slavia-Polten (R4);Polten;Slavia;Olivie L;1.81;-0.13
Abajo;Low centre;0.03;0;Slavia-Polten (R4);Polten;Slavia;Olivie L;1.81;-0.03
Abajo;Low centre;0.57;1;Roma-Bayer (R5);Roma;Bayer;Maria Luisa G;1.8;0.43
Arriba;High centre;0.54;0;Roma-Bayer (R5);Roma;Bayer;Maria Luisa G;1.8;-0.54
Abajo;Low right;0.47;0;Roma-Bayer (R5);Roma;Bayer;Maria Luisa G;1.8;-0.47
Arriba;High right;0.2;1;Roma-Bayer (R5);Roma;Bayer;Maria Luisa G;1.8;0.8
Arriba;High centre;0.11;0;Roma-Bayer (R5);Roma;Bayer;Maria Luisa G;1.8;-0.11
Abajo;Low left;0.08;0;Roma-Bayer (R5);Roma;Bayer;Maria Luisa G;1.8;-0.08
Abajo;Low right;0.85;1;Roma-Bayer (R5);Bayer;Roma;Camelia C;1.7;0.15
Arriba;High left;0.84;0;Roma-Bayer (R5);Bayer;Roma;Camelia C;1.7;-0.84
Abajo;Low right;0.44;1;Roma-Bayer (R5);Bayer;Roma;Camelia C;1.7;0.56
Abajo;Low centre;0.04;0;Roma-Bayer (R5);Bayer;Roma;Camelia C;1.7;-0.04
Abajo;Low centre;0.02;0;Roma-Bayer (R5);Bayer;Roma;Camelia C;1.7;-0.02
Abajo;Low left;0.99;0;BK-Paris (R5);BK;Paris;Chiamaka N;1.74;-0.99
Abajo;Low left;0.22;0;BK-Paris (R5);BK;Paris;Chiamaka N;1.74;-0.22
Abajo;Low centre;0.04;0;BK-Paris (R5);BK;Paris;Chiamaka N;1.74;-0.04
Abajo;Low centre;0.03;0;BK-Paris (R5);BK;Paris;Chiamaka N;1.74;-0.03
Abajo;Low centre;0.03;0;BK-Paris (R5);BK;Paris;Chiamaka N;1.74;-0.03
Abajo;Low centre;0.02;0;BK-Paris (R5);BK;Paris;Chiamaka N;1.74;-0.02
Abajo;Low centre;0.3;0;BK-Paris (R5);Paris;BK;Jennifer F;1.71;-0.3
Abajo;Low centre;0.17;0;BK-Paris (R5);Paris;BK;Jennifer F;1.71;-0.17
Arriba;High centre;0.08;0;BK-Paris (R5);Paris;BK;Jennifer F;1.71;-0.08
Abajo;Low centre;0.04;0;BK-Paris (R5);Paris;BK;Jennifer F;1.71;-0.04
Abajo;Low right;1;1;Chelsea-RM (R5);Chelsea;RM;Mylene C;1.78;0
Abajo;Low right;0.63;0;Chelsea-RM (R5);Chelsea;RM;Mylene C;1.78;-0.63
Abajo;Low left;0.44;0;Chelsea-RM (R5);Chelsea;RM;Mylene C;1.78;-0.44
Abajo;Low left;0.36;0;Chelsea-RM (R5);Chelsea;RM;Mylene C;1.78;-0.36
Abajo;Low right;0.2;0;Chelsea-RM (R5);Chelsea;RM;Mylene C;1.78;-0.2
Abajo;Low centre;0.1;0;Chelsea-RM (R5);Chelsea;RM;Mylene C;1.78;-0.1
Abajo;Low centre;0.08;0;Chelsea-RM (R5);Chelsea;RM;Mylene C;1.78;-0.08
Abajo;Low centre;0.04;0;Chelsea-RM (R5);Chelsea;RM;Mylene C;1.78;-0.04
Abajo;Low centre;0.03;0;Chelsea-RM (R5);Chelsea;RM;Mylene C;1.78;-0.03
Arriba;High centre;0.8;1;Chelsea-RM (R5);RM;Chelsea;Hanna Hampton;1.73;0.2
Abajo;Low right;0.48;0;Chelsea-RM (R5);RM;Chelsea;Hanna Hampton;1.73;-0.48
Abajo;Low right;0.11;0;Chelsea-RM (R5);RM;Chelsea;Hanna Hampton;1.73;-0.11
Abajo;Low right;0.08;0;Chelsea-RM (R5);RM;Chelsea;Hanna Hampton;1.73;-0.08
Abajo;Low centre;0.06;0;Chelsea-RM (R5);RM;Chelsea;Hanna Hampton;1.73;-0.06
Abajo;Low centre;0.03;0;Chelsea-RM (R5);RM;Chelsea;Hanna Hampton;1.73;-0.03
Abajo;Low right;0.96;1;PSG-Ajax (R5);PSG;Ajax;Regina Van;1.73;0.04
Abajo;Low right;0.91;1;PSG-Ajax (R5);PSG;Ajax;Regina Van;1.73;0.09
Arriba;High right;0.54;1;PSG-Ajax (R5);PSG;Ajax;Regina Van;1.73;0.46
Abajo;Low left;0.39;0;PSG-Ajax (R5);PSG;Ajax;Regina Van;1.73;-0.39
Abajo;Low centre;0.02;0;PSG-Ajax (R5);PSG;Ajax;Regina Van;1.73;-0.02
Abajo;Low right;0.33;0;PSG-Ajax (R5);Ajax;PSG;Katazyna K;1.8;-0.33
Abajo;Low left;0.29;1;PSG-Ajax (R5);Ajax;PSG;Katazyna K;1.8;0.71
Abajo;Low right;0.46;0;Slavia-Brann (R5);Slavia;Brann;Aurora M;1.73;-0.46
Abajo;Low left;0.39;0;Slavia-Brann (R5);Slavia;Brann;Aurora M;1.73;-0.39
Arriba;High centre;0.09;0;Slavia-Brann (R5);Slavia;Brann;Aurora M;1.73;-0.09
Abajo;Low left;0.17;0;Slavia-Brann (R5);Brann;Slavia;Olivie L;1.81;-0.17
Abajo;Low centre;0.05;0;Slavia-Brann (R5);Brann;Slavia;Olivie L;1.81;-0.05
Abajo;Low right;0.94;1;Rosen-Benfica(R5);Rosen;Benfica;Lena P;1.76;0.06
Arriba;High right;0.54;1;Rosen-Benfica(R5);Rosen;Benfica;Lena P;1.76;0.46
Abajo;Low left;0.18;0;Rosen-Benfica(R5);Rosen;Benfica;Lena P;1.76;-0.18
Abajo;Low left;0.13;0;Rosen-Benfica(R5);Rosen;Benfica;Lena P;1.76;-0.13
Abajo;Low centre;0.94;1;Rosen-Benfica(R5);Benfica;Rosen;Angel M;1.77;0.06
Arriba;High right;0.34;0;Rosen-Benfica(R5);Benfica;Rosen;Angel M;1.77;-0.34
Abajo;Low left;0.24;1;Rosen-Benfica(R5);Benfica;Rosen;Angel M;1.77;0.76
Abajo;Low left;0.08;0;Rosen-Benfica(R5);Benfica;Rosen;Angel M;1.77;-0.08
Abajo;Low left;0.57;1;Barsa-Frankfurt (R5);Barsa;Frankfut;Stina J;1.77;0.43
Abajo;Low centre;0.55;0;Barsa-Frankfurt (R5);Barsa;Frankfut;Cara B;1.73;-0.55
Abajo;Low right;0.47;1;Barsa-Frankfurt (R5);Barsa;Frankfut;Stina J;1.77;0.53
Abajo;Low centre;0.29;0;Barsa-Frankfurt (R5);Barsa;Frankfut;Cara B;1.73;-0.29
Abajo;Low centre;0.2;0;Barsa-Frankfurt (R5);Barsa;Frankfut;Cara B;1.73;-0.2
Abajo;Low centre;0.09;0;Barsa-Frankfurt (R5);Barsa;Frankfut;Stina J;1.77;-0.09
Abajo;Low centre;0.07;0;Barsa-Frankfurt (R5);Barsa;Frankfut;Stina J;1.77;-0.07
Abajo;Low centre;0.03;0;Barsa-Frankfurt (R5);Barsa;Frankfut;Stina J;1.77;-0.03
Abajo;Low centre;0.93;1;Polten-OLY (R5);OLY;Polten;Carina S;1.74;0.07
Arriba;High left;0.77;1;Polten-OLY (R5);OLY;Polten;Carina S;1.74;0.23
Abajo;Low left;0.71;0;Polten-OLY (R5);OLY;Polten;Carina S;1.74;-0.71
Abajo;Low left;0.63;1;Polten-OLY (R5);OLY;Polten;Carina S;1.74;0.37
Abajo;Low right;0.62;1;Polten-OLY (R5);OLY;Polten;Carina S;1.74;0.38
Arriba;High left;0.33;1;Polten-OLY (R5);OLY;Polten;Carina S;1.74;0.67
Abajo;Low right;0.27;1;Polten-OLY (R5);OLY;Polten;Carina S;1.74;0.73
Arribaa;High right;0.21;0;Polten-OLY (R5);OLY;Polten;Carina S;1.74;-0.21
Abajo;Low right;0.15;0;Polten-OLY (R5);OLY;Polten;Carina S;1.74;-0.15
Arriba;High centre;0.15;0;Polten-OLY (R5);OLY;Polten;Carina S;1.74;-0.15
Abajo;Low centre;0.09;0;Polten-OLY (R5);OLY;Polten;Carina S;1.74;-0.09
Abajo;Low centre;0.09;1;Polten-OLY (R5);OLY;Polten;Carina S;1.74;0.92
Abajo;Low centre;0.08;0;Polten-OLY (R5);OLY;Polten;Carina S;1.74;-0.08
Arriba;High right;0.08;0;Polten-OLY (R5);OLY;Polten;Carina S;1.74;-0.06
Abajo;Low centre;0.06;0;Polten-OLY (R5);OLY;Polten;Carina S;1.74;-0.05
Abajo;Low centre;0.05;0;Polten-OLY (R5);OLY;Polten;Carina S;1.74;-0.02
Abajo;Low centre;0.02;0;Polten-OLY (R5);OLY;Polten;Carina S;1.74;-0.02
Abajo;Low centre;0.02;0;Polten-OLY (R5);OLY;Polten;Carina S;1.74;-0.02
Abajo;Low centre;0.02;0;Polten-OLY (R5);OLY;Polten;Carina S;1.74;-0.28
Abajo;Low left;0.28;0;RM-BK (R6);RM;BK;Jennifer F;1.71;-0.28
Abajo;Low centre;0.1;0;RM-BK (R6);RM;BK;Jennifer F;1.71;-0.1
Abajo;Low centre;0.04;0;RM-BK (R6);RM;BK;Jennifer F;1.71;-0.04
Abajo;Low centre;0.01;0;RM-BK (R6);RM;BK;Jennifer F;1.71;-0.01
Arriba;High centre;0.68;1;RM-BK (R6);BK;RM;Mylene C;1.78;0.32
Abajo;Low right;0.22;0;RM-BK (R6);BK;RM;Mylene C;1.78;-0.22
Abajo;Low centre;0.14;0;RM-BK (R6);BK;RM;Mylene C;1.78;-0.14
Abajo;Low centre;0.04;0;Paris-Chelsea (R6);Paris;Chelsea;Zecira M;1.78;-0.04
Arriba;High centre;0.74;1;Paris-Chelsea (R6);Chelsea;Paris;Chiamaka N;1.74;0.26
Abajo;Low left;0.58;1;Paris-Chelsea (R6);Chelsea;Paris;Chiamaka N;1.74;0.42
Abajo;Low centre;0.07;1;Paris-Chelsea (R6);Chelsea;Paris;Chiamaka N;1.74;0.93
Abajo;Low centre;0.06;1;Paris-Chelsea (R6);Chelsea;Paris;Chiamaka N;1.74;0.94
Abajo;Low right;0.72;1;Ajax-Roma (R6);Ajax;Roma;Camelia C;1.7;0.28
Abajo;Low right;0.58;1;Ajax-Roma (R6);Roma;Ajax;Regina Van;1.73;0.42
Arriba;High centre;0.06;0;Ajax-Roma (R6);Roma;Ajax;Regina Van;1.73;-0.06
Abajo;Low centre;0.04;0;Ajax-Roma (R6);Roma;Ajax;Regina Van;1.73;-0.04
Abajo;Low centre;0.03;0;Ajax-Roma (R6);Roma;Ajax;Regina Van;1.73;-0.03
Arriba;High centre;0.43;0;Bayer-PSG (R6);Bayer;PSG;Constance P;1.8;-0.43
Arriba;High left;0.36;1;Bayer-PSG (R6);Bayer;PSG;Constance P;1.8;0.64
Abajo;Low left;0.16;1;Bayer-PSG (R6);Bayer;PSG;Constance P;1.8;0.84
Abajo;Low centre;0.06;0;Bayer-PSG (R6);Bayer;PSG;Constance P;1.8;-0.06
Abajo;Low centre;0.04;0;Bayer-PSG (R6);Bayer;PSG;Constance P;1.8;-0.04
Abajo;Low left;0.88;1;Bayer-PSG (R6);PSG;Bayer;Maria Luisa G;1.8;0.12
Abajo;Low left;0.38;0;Bayer-PSG (R6);PSG;Bayer;Maria Luisa G;1.8;-0.38
Arriba;High right;0.17;0;Bayer-PSG (R6);PSG;Bayer;Maria Luisa G;1.8;-0.17
Arriba;High centre;0.06;0;Bayer-PSG (R6);PSG;Bayer;Maria Luisa G;1.8;-0.06
Abajo;Low left;0.97;1;OLY-Slavia (R6);OLY;Slavia;Olivie L;1.81;0.03
Abajo;Low left;0.94;0;OLY-Slavia (R6);OLY;Slavia;Olivie L;1.81;-0.94
Abajo;Low centre;0.92;0;OLY-Slavia (R6);OLY;Slavia;Olivie L;1.81;-0.92
Abajo;Low left;0.88;1;OLY-Slavia (R6);OLY;Slavia;Olivie L;1.81;0.12
Abajo;Low centre;0.65;0;OLY-Slavia (R6);OLY;Slavia;Olivie L;1.81;-0.65
Abajo;Low centre;0.57;0;OLY-Slavia (R6);OLY;Slavia;Olivie L;1.81;-0.57
Abajo;Low right;0.17;0;OLY-Slavia (R6);OLY;Slavia;Olivie L;1.81;-0.17
Arriba;High right;0.14;0;OLY-Slavia (R6);OLY;Slavia;Olivie L;1.81;-0.14
Abajo;Low centre;0.11;0;OLY-Slavia (R6);OLY;Slavia;Olivie L;1.81;-0.11
Abajo;Low centre;0.04;0;OLY-Slavia (R6);OLY;Slavia;Olivie L;1.81;-0.04
Abajo;Low centre;0.03;0;OLY-Slavia (R6);OLY;Slavia;Olivie L;1.81;-0.03
Abajo;Low centre;0.03;0;OLY-Slavia (R6);OLY;Slavia;Olivie L;1.81;-0.03
Abajo;Low right;0.65;1;OLY-Slavia (R6);Slavia;OLY;Laura B;1.73;0.35
Abajo;Low centre;0.67;0;Brann-Polten (R6);Brann;Polten;Carina S;1.74;-0.67
Abajo;Low right;0.19;1;Brann-Polten (R6);Brann;Polten;Carina S;1.74;0.81
Abajo;Low right;0.14;1;Brann-Polten (R6);Brann;Polten;Carina S;1.74;0.93
Arriba;High centre;0.07;0;Brann-Polten (R6);Brann;Polten;Carina S;1.74;-0.67
Abajo;Low centre;0.67;1;Brann-Polten (R6);Polten;Brann;Aurora M;1.73;0.33
Abajo;Low right;0.18;0;Brann-Polten (R6);Polten;Brann;Aurora M;1.73;-0.18
Abajo;Low right;0.91;1;Benfica-Barsa (R6);Benfica;Barsa;Gemma Font;1.65;0.09
Abajo;Low left;0.74;1;Benfica-Barsa (R6);Benfica;Barsa;Gemma Font;1.65;0.26
Abajo;Low left;0.45;1;Benfica-Barsa (R6);Benfica;Barsa;Gemma Font;1.65;0.55
Arriba;High centre;0.13;0;Benfica-Barsa (R6);Benfica;Barsa;Gemma Font;1.65;-0.13
Abajo;Low centre;0.03;0;Benfica-Barsa (R6);Benfica;Barsa;Gemma Font;1.65;-0.03
Abajo;Low left;0.82;1;Benfica-Barsa (R6);Barsa;Benfica;Lena P;1.76;0.18
Abajo;Low centre;0.76;1;Benfica-Barsa (R6);Barsa;Benfica;Lena P;1.76;0.24
Abajo;Low right;0.74;1;Benfica-Barsa (R6);Barsa;Benfica;Lena P;1.76;0.26
Abajo;Low centre;0.61;0;Benfica-Barsa (R6);Barsa;Benfica;Lena P;1.76;-0.61
Abajo;Low centre;0.52;0;Benfica-Barsa (R6);Barsa;Benfica;Lena P;1.76;-0.52
Abajo;Low right;0.52;0;Benfica-Barsa (R6);Barsa;Benfica;Lena P;1.76;-0.52
Abajo;Low left;0.31;0;Benfica-Barsa (R6);Barsa;Benfica;Lena P;1.76;-0.31
Arriba;High left;0.29;0;Benfica-Barsa (R6);Barsa;Benfica;Lena P;1.76;-0.29
Arriba;High right;0.27;1;Benfica-Barsa (R6);Barsa;Benfica;Lena P;1.76;0.73
Abajo;Low left;0.22;0;Benfica-Barsa (R6);Barsa;Benfica;Lena P;1.76;-0.22
Arriba;High right;0.21;0;Benfica-Barsa (R6);Barsa;Benfica;Lena P;1.76;-0.21
Arriba;High right;0.16;0;Benfica-Barsa (R6);Barsa;Benfica;Lena P;1.76;-0.16
Arriba;High left;0.15;0;Benfica-Barsa (R6);Barsa;Benfica;Lena P;1.76;-0.15
Abajo;Low centre;0.13;0;Benfica-Barsa (R6);Barsa;Benfica;Lena P;1.76;-0.13
Abajo;Low right;0.09;0;Benfica-Barsa (R6);Barsa;Benfica;Lena P;1.76;-0.09
Abajo;Low centre;0.04;0;Benfica-Barsa (R6);Barsa;Benfica;Lena P;1.76;-0.04
Abajo;Low left;0.95;1;Frankfurt-Rosen (R6);Frankfurt;Rosen;Angel M;1.77;0.05
Arriba;High right;0.75;1;Frankfurt-Rosen (R6);Frankfurt;Rosen;Angel M;1.77;0.25
Abajo;Low centre;0.7;1;Frankfurt-Rosen (R6);Frankfurt;Rosen;Angel M;1.77;0.3
Arriba;High left;0.59;1;Frankfurt-Rosen (R6);Frankfurt;Rosen;Angel M;1.77;0.41
Abajo;Low centre;0.28;1;Frankfurt-Rosen (R6);Frankfurt;Rosen;Angel M;1.77;0.72
Abajo;Low centre;0.23;0;Frankfurt-Rosen (R6);Frankfurt;Rosen;Angel M;1.77;-0.23
Arriba;High left;0.09;0;Frankfurt-Rosen (R6);Frankfurt;Rosen;Angel M;1.77;-0.09
Abajo;Low centre;0.02;0;Frankfurt-Rosen (R6);Frankfurt;Rosen;Angel M;1.77;-0.02
